group_id,split,ai_file_row_1based,human_file_row_1based,prompt_sha256,human_text_sha256,generation_context_sha256,reference_text_sha256,human_words,reference_words
936c4a29e94a3c14ee28aed8114f11e515408ccf846384e952268118510f0ef9,development,394,394,936c4a29e94a3c14ee28aed8114f11e515408ccf846384e952268118510f0ef9,9e21288aa26c81ba14bb697e7b19f6f04596b87a4bd1b225429aff49dcefb0f1,a674ba96c2b67c6ffa0bd4e2cc6c04ebc59f8ab414a44cb56fb18bb8c724735d,c7171c0c7e600dec2b80abbcab18fd1bae320d45788ffe8a422ef69bb0f64f88,175,214
7ceaebf7b9602b40d5b16a144fee1572fae67a1f2fb5ee23a37a8bad45020c31,development,388,388,7ceaebf7b9602b40d5b16a144fee1572fae67a1f2fb5ee23a37a8bad45020c31,9572a6eefd4280ef3ef9e6925df2f15f2336f5c8c57fa6df18ddce1fc26a1009,81aaed6a5f73f2bd8db11b9bc3ba9679c7323647ad5c6659860da14f7e40d064,090048f8d4eb0852a9c2e9549532db093e0af28ae5f3d918e48aadcbdffc9e86,250,304
1a49402b1bd7326915241cbe178496cbb4648c7944675745cc03d40d4c990ab4,development,369,369,1a49402b1bd7326915241cbe178496cbb4648c7944675745cc03d40d4c990ab4,ec7830d0bc0b8e537b8205f8db421164f1a5bd7ec44b2573755f57721eda4ae1,62c9204de7cedd374d1382a2f06dde45d2d76613cea5de08578a115c1adbdca9,617b0d49b596a217b92f271d792d0d5bb7ee57b6109f1ff64ecafeb0fd4b1a63,355,374
bd602b2de126c6e2968eb063bc541f445035c6eaa08c37310e48f79d842e3fbf,development,87,87,bd602b2de126c6e2968eb063bc541f445035c6eaa08c37310e48f79d842e3fbf,8ed2f091001ee3496f96953f85e39211ebf4c4a6d21af057f3b2c518680a1292,6ccda9795d8ebd3df517aefab31b730a892b583ea28e69b4edac9bcedd1ceb77,19fb1d3237e7bbcd914cba7ec6efb60d77c394607ac081f29569b5d26ed091fe,356,411
ab61b4fae25aca80ca6f8fa5e54a29ddbbf88e28232252986550bfb1446a4061,development,280,280,ab61b4fae25aca80ca6f8fa5e54a29ddbbf88e28232252986550bfb1446a4061,f495354e46f174cd78c80f91913128b9375b3f3809ade79f9df66cef3e9d0f47,85145e70a9a111243aa40934f60afa2e6e281d1192ec2b431bc11216ac70777d,7b6d296f7d53604a93d8fdab2eb9cf37002f6cbe3ec8d0e443dc030d2ca87200,259,289
c2563fea5b321758237551aa29faff0ab8239b64dc8aaaecf1259b59a4cedb66,development,453,453,c2563fea5b321758237551aa29faff0ab8239b64dc8aaaecf1259b59a4cedb66,bb8dcb8544250d4e345d82b7dbaa1364a7f8e94be2ce87d71714e2bfae85bec7,78a16663e52e070952a6c073ba96343f86a03b10b30d3df60fe8a0e670815224,756a197699cdbcfb4ef44cc69ab9e9561fd2e0a3f6c3fd8448a8ddc6e7c270d3,213,244
e80f665f770f7ebebaccb18d4c1304dfd2b63a0d5a6d58d9dc44753666095ea7,development,200,200,e80f665f770f7ebebaccb18d4c1304dfd2b63a0d5a6d58d9dc44753666095ea7,ea95efb64f5441e9c3a1229ab6b9ff20a70bf701066144d850da64e60f2d3e0f,83a0e232005ec7db21a641340fbf9e3eaa53bd4854c7f3c1e11ad78709979308,faa00b363b08d1166297e1c8ab330dacbbc8b566fde5a0b82d914fcbc9db5c8f,348,368
3ee7692ee9774d95e66dc150622c4fe897039281b667d9bad9a6755f2bc22f21,development,286,286,3ee7692ee9774d95e66dc150622c4fe897039281b667d9bad9a6755f2bc22f21,c264daf6dda20d283d660da6559c09d5fb8b32d1b034dc353f1f3bdd0e3c2e5b,f7598b313a5056fa91ae1651dcbfbfbc273b911fde377030e8253eea1dfd64e2,c8464cf50166a37ea661f987d1e81629d66f7f9b55f036b8ef3096fa9900f005,352,402
083e796fc2e5109f2848bfd87b671fe6330faaed4555818f1db4369a3878e7a3,development,170,170,083e796fc2e5109f2848bfd87b671fe6330faaed4555818f1db4369a3878e7a3,a12846fd5af2ef8d17b31e69c43b1cba82a54536b4b9c3f997bddeac37ff00a9,77a498c24c092563467f7a6528ee1ca4c55d4aa1ea3211d328b5c9097398a137,a4cc2dfb5c06982c0397bc8d7e95783a6b0ff8c9c625183a9a4c8070e78843cf,124,152
6adaf478eb0ee64611a1b70a357da978de35be41f6b4b561903965355b5e58a2,development,140,140,6adaf478eb0ee64611a1b70a357da978de35be41f6b4b561903965355b5e58a2,3a0a32595e811b529c75730ec771cec1712e13ab02176649bf7c5b74810976c4,a40cbe4d9fd264cad9dc6436e3eafdf228d8196dc438a1aa15f8abd7188b32a4,9f426cb0fbe781224b1c1a15666e7134b5288128614fd594d8ab40416106a9b0,401,419
3954a7cce0a5c3705b2df209453fb9ff772b15d3ef33e27f109a4b04e673f2e2,development,334,334,3954a7cce0a5c3705b2df209453fb9ff772b15d3ef33e27f109a4b04e673f2e2,ce5aa9291b95873a5068d3bc215ada96c82f4d48e4ac8f506aed723de012157d,5cc55c73fd5065fdeca67cedf741926680495686996546e6500e9ccc840129e1,c0b96fce3069eba460eeb8bf2a3b01331ec4737c5c79a7afbc2dcde82e36b39d,149,183
a86038f24f9b2c6b925df2e674c0eee0b4d467bd9de6a90e1ebd74bc77225e87,development,310,310,a86038f24f9b2c6b925df2e674c0eee0b4d467bd9de6a90e1ebd74bc77225e87,638b0a98a6bc0e3ac34c945b499a77763657a5df7da8467b446cfea6544fa473,f7b4d31f658ae9980601757d928328eeab99d38de067ff719b90e27649ad3ece,fa0e7846e05d9e1c3e25aa863128e8cfb4516c7e7f8a685ff26837e2b1d73553,303,322
1159b693c63817875e021a20ada9234d4500e91821e34604309a89d1cc93d62a,development,249,249,1159b693c63817875e021a20ada9234d4500e91821e34604309a89d1cc93d62a,76af8c73a26972c2b1716f2bdb605a51ddf62fbbc6c519449f6f7417bce5970a,c5576263c8d6b2a66aee3cc7175c82ba5859b0ce15a69dcb9b748c4eda49a709,6588634c2b4bd3f2e1fed511ea64683f146d10c8eb4546e5d61ba27033052601,343,359
81ca02a3d5bf7104e325cd6f50d243a8ae200397d68db84090be2b8e0bbb0ae0,development,346,346,81ca02a3d5bf7104e325cd6f50d243a8ae200397d68db84090be2b8e0bbb0ae0,e75a2666107eac9ef468cd673d0f06f1899532b28aa0d71e80934b2da67ffe24,d5d1572a96d30a88106594491ed8a0c6bc6b3f39c75492d95b77d4144d5e5828,dc2fa4aebe83c5e906d3e4a00207afe00e4aa2f79158719923f49942961d203d,281,303
478f070172a4a602dc7624387ddc893bb042a95e91678b0b3309766343aa6343,development,109,109,478f070172a4a602dc7624387ddc893bb042a95e91678b0b3309766343aa6343,2ad4884605f54c579cd121d4867683ab43fedb43389057707590a191adedc63d,f1d26498c49f339f0727d21b8646ea7131a951308e0a6455622254e9fd32ee00,ed62b6f53e2ca083fa87f5047fadbd1e97dedd5468c83e39e7762ef60f9a0397,492,477
213f7841571a14f4c88ed9db50c4d35f7c2367a9abb64ce1587b729e71c7d5d0,development,349,349,213f7841571a14f4c88ed9db50c4d35f7c2367a9abb64ce1587b729e71c7d5d0,02d2925c360a61b96595e683fe1da76d92c5e24995560612cf907c39ef340f42,54571b12de3a191ab6ca800b854eecd4b7e348a80b3eb4feafea0b6b0317f436,ca8169f2d36bc436990fce52b2b56004feab3b2c126170ffa1f0d5a83ac4c440,377,423
20031ad772ed762b0da04d2e04a6576835202645851924ca9efe9e35aef548c1,development,137,137,20031ad772ed762b0da04d2e04a6576835202645851924ca9efe9e35aef548c1,11a34658fb613e173af246813b557cc76c0bdee3877c11d677b3257b922361b9,499c35f0d97856ff0f8ad76fc50b56386d90eb5e2ce84c9f9afbaab35449c764,5ec005c8be9c010c35e451eb3e9fdf27a2a21f23875e08c0ed06fe9695802574,441,442
60d3e88b3613f17b6af3514ccc0d253d52843a7c473a92f70f274d51eacb12d7,development,45,45,60d3e88b3613f17b6af3514ccc0d253d52843a7c473a92f70f274d51eacb12d7,b2442ee2cc481e2ec069f0b390815383318d3050a75bf67dfbcf38d47a9776ee,04d777f890acdaaec7f0e685bccfcd30a22e7a3bc203c12c0b350900dd5eb9c6,17a3c326c9e2e1f5b2ceb62ca2b084589281daa3e7c20030c80e6f19a39d0a31,200,243
f97eb904ec6cc035c69355c26e60c081035bd14e3ad9148ee7abc44ea2ba2c3f,development,250,250,f97eb904ec6cc035c69355c26e60c081035bd14e3ad9148ee7abc44ea2ba2c3f,f7335c804004cee3bc5171db1b2007b1306be61c391ef4553e0a30b31591c07d,b688fc35d9a8c64b3f1a94f2cfb91f27cb8ef0c747786078b52407919d4a689d,8a03bf6ccd0e33bcd2d4a7f361662c4f79eaa8739ac56c309fa71399c32d6e7b,541,509
cb5247b2e5716239c483410704ad5d310a1320f5d3e263914208278323596bb9,development,336,336,cb5247b2e5716239c483410704ad5d310a1320f5d3e263914208278323596bb9,8364f5c2af7618ce822feae6aeaac16d4f855f34bc47f3f642796e06b58cb3a7,7d1d9a9eac056e80db3a3bf2b4feef0f50161d0ec522c6e24cbe4471f186a16a,9febeae0d7dbcf8fd218f68f1b906c968755e7cd2ed3c87001d70d5a8d6a0369,216,227
0d300942da41a42a978140f0669d3b2e3c3db0e18a56d21dc2bc5983e5fdb3fb,development,148,148,0d300942da41a42a978140f0669d3b2e3c3db0e18a56d21dc2bc5983e5fdb3fb,dc5c3c835443de33ae1c4e218b3e1059c90aae39f683db81df8a1e821262e04c,d9d7c149318377b8b1f842b7e64cae9678dd3e98adc14fce26cdd350e09391ac,0e5e7c0ea4756199dbe2c747837ac5eb273674ee3133b990da5aa3cfa73ed991,332,371
c37fc64a6190a5a074ec5d3f7916f089ea78cea7bb76a4dbad935c8d3538fd7f,development,199,199,c37fc64a6190a5a074ec5d3f7916f089ea78cea7bb76a4dbad935c8d3538fd7f,3cea9a05260359f2001bee7c8f9092d304dc0fa8fedfd1cca937a7ded22eed9d,43880bb5be98e991dd54eda772130d2da9a3c8c4827a45bec3951a10de155abe,11d83ad69415d511e35d8df826543976403a07a8d2996903ccb5309f3e85be54,261,302
ef1ee7df7ae058b9a907de40e7057515d958474d70eef64077ac6305017440fe,development,113,113,ef1ee7df7ae058b9a907de40e7057515d958474d70eef64077ac6305017440fe,c3133bb103407b6172dc6785ea2f21b95c8e72ed50ba9cae8fa0c654987e738d,844edea4e9ab07ca412e425dc88e540b0df6eb7ce252a8b59b319f3718b0b0e9,2aca8e7827bfb10981542fa3b0800e95af6b50c50d4dd1ff83a4b02c7972e3a3,432,487
01468541db0655d5dc4df94a165616b1b69e284d99d0b63f28c5f54050bf19f2,development,417,417,01468541db0655d5dc4df94a165616b1b69e284d99d0b63f28c5f54050bf19f2,35b3dc7da8191481a19fe170639da380a10d9e5a376f617653c7657f43ed0b85,a4ad125e66ad9b6592776fcb8e4e5213e6e6303776d225c7e45f6a952b6c97e6,e31d9dc22966f78fb70f3902d9a05c6a1296306935e047cae4aacb384f83b6d0,164,198
9519d297ff788ec64d5231ac329bca6fffbdd8c87811a99a7e0f5a126010db03,development,132,132,9519d297ff788ec64d5231ac329bca6fffbdd8c87811a99a7e0f5a126010db03,6e4e7e66c698662c0ec83d4517fab0a10cb5166b906d1508af70dd92de951f98,6f9cafffb42642ad4c61336954ca128579389b338bbd61b0c1562f28bc1852a1,1ae7a681c729167e4c5d6ef3b344599b41d1e3954b6b95cf20e314956e0bd409,382,394
34ad43092fb5bcb1e462d6bb99d87ef2ef7645df78f9519cb3f1c75d3a445add,development,287,287,34ad43092fb5bcb1e462d6bb99d87ef2ef7645df78f9519cb3f1c75d3a445add,3e60cb380512822cd719417d6a8b76dcfa1968f4acb819a0ae94f181c2430fb0,09ace3fba3b7f5de7c0d97a4967d022515bd2dbc8b6f2200a8dbb44ac8f07f9e,d3eb6130f5cd18b50c09bf75b7809307cf517b68bf6f3957f38537a9feb0737b,602,620
01265a25a966dde716295f9e7637811d37a3107e7d1cb265359444c4aa4e1308,development,142,142,01265a25a966dde716295f9e7637811d37a3107e7d1cb265359444c4aa4e1308,52eddcb90329d6317dd0f47b9e0060302790656498d03432063cdea644bff9e6,b40fc6d1078d8d3ad70ae366e3167e9c96526f32628fa470fd18232473f66d1a,a574f4eaaad8798573b97626f9e6f7fc78efe4ad5f0178cdf66122ae3d8fb6b8,782,833
121c8babe08ebee56a75e4aab1b8cee7ea4c15ed46ebf72648744db32f87c55d,development,14,14,121c8babe08ebee56a75e4aab1b8cee7ea4c15ed46ebf72648744db32f87c55d,19692a304ab064988c3077fb52685b9735bfff1af63655f3c0ebe149aee45a21,c7a51b216bf9d91c74e901552a76210205d7868b219c3393cd1647a5957be9c2,424a3ecba6c77109aee7786adbd45a05ca9cb699f5187fbe7edf658736149fc0,437,463
5837a52a919f69cc51974e1190c73a72eb15d9766d5e2627277faf3c39c3591a,development,378,378,5837a52a919f69cc51974e1190c73a72eb15d9766d5e2627277faf3c39c3591a,6668db5745e16ed56f701bf1a8351a7ae59706b2b4110840e808f2953e812b43,122fac638a96e7c06b8a2642ec51956377f7e28d189740cba56c6ced97bc1b8b,dad23e9117c6561c6245937f2ae7979c843d21513029d259975e4f3bb2c13959,153,166
c244b9cfa779c3029771f3532986eb2cf74dcaea225107e7eace0a8ea5d5b94a,development,500,500,c244b9cfa779c3029771f3532986eb2cf74dcaea225107e7eace0a8ea5d5b94a,0d79f99795e3efdacd10101cf6fdb6bd147589e6c1cd6c804ddc2d33a7af60e1,0a66e4cdee503833ed9e644ab53b412162b4c7ea5edaf3222a7f1a5941129b8b,fe7e40dac7132c3abb163c0769d925199c01d138cb150d9d586aa5797cd36541,280,299
842f5dba7bdcc308f83e71c4c84569b1f8087c970821c9dbc0bb985f342770f3,development,432,432,842f5dba7bdcc308f83e71c4c84569b1f8087c970821c9dbc0bb985f342770f3,fa4ea388a39113d136b0d6265b62d4a85bde3bf0501e7fced7af02a6855fbc15,194daf81b8cbb41378415351d7a4c58989337ecdaf2522dfd2578f79af40e144,4ca21978de248db6190ec8cb9d99a82eb7ecc439d2b009ffbba567409d9971a2,414,421
ea486c61289a24e0f72f275bc6d695caeeb5b4d99fa3605925c291abda684a8a,development,138,138,ea486c61289a24e0f72f275bc6d695caeeb5b4d99fa3605925c291abda684a8a,231705c39d0503f412e79fa079807210fcce33a674ab9693500a3b2bccf228ea,b3fbf888078b10729a1dcc462a7195eea3e0c78d8ebc312ce2dbe1d2b0640cba,8ce90ed5b19caf5b81faece5f4b5ac6a6fd743dd1e9952e51891c6089e449b44,286,311
f6a65530363618251e9dcb108c63313da03d8430378b5d448db83187de5f0666,development,33,33,f6a65530363618251e9dcb108c63313da03d8430378b5d448db83187de5f0666,8dbf71b45bfac108df93d7d695d91a860e61740568a551037906899e7fc1723f,0b2ea488828712dd3618aa3b0f2b810383b3564948fd352b3470cdb11c37f472,f1a574fa837be401869d0c45eb50387cacff4960cfdf5b2e6da241278231a2b0,862,863
c069563a9abb9d49ef9e2c4fecaffba9d2f8822e1804f1125fb0095ff8051f90,development,222,222,c069563a9abb9d49ef9e2c4fecaffba9d2f8822e1804f1125fb0095ff8051f90,3ad7e470e1bea84fb4a5b0aef5da4156cdf1d4d2d7e633ea83a341c6bfcfc689,81d403be602f0a1762549a7f81c2ffb0ec3304161ef77e13cabf1d0a002ef0e6,31c686959f1d36806d5a34ad2e1272135cc6f9ec64a50c249889c896555f19ac,296,308
7fe4051cd4e6bb6cb0c63dd5a9f0975b5909af1c2b268734572ce51ff20167f4,development,277,277,7fe4051cd4e6bb6cb0c63dd5a9f0975b5909af1c2b268734572ce51ff20167f4,9fbb3e27758f534f181e33e1e280454c794e0b89f5dd0953d1e120db7476b987,38f1548ba77e33303134b09af0f68e5e4d4b9ffc178ae3c8cfb3bb4b773d815f,1597ac51120988b326da9689eb626e90ad6d4873e60e71c20922bf03d0e921f5,531,545
fee88e5ea3f923bd77e596864a7dfac0389b3c64b4c0edb665d0c8ca88994ce8,development,28,28,fee88e5ea3f923bd77e596864a7dfac0389b3c64b4c0edb665d0c8ca88994ce8,3f834f76a2d71f741fefa623a60390f93483ee4cfc93424bfec456a60c896508,ec4256615e3840a75f1df6361d445947673bf11edc42a4b8d7f012a3a7fff14a,ea9d0a391c654733be968994c1a8efc65ae41cf255b5f1e2bf3aafd3cd3acb79,606,553
1acebaca5e6b90ab8b0f824bab884063263e9dee645cd34d257d4420a5cc3717,development,463,463,1acebaca5e6b90ab8b0f824bab884063263e9dee645cd34d257d4420a5cc3717,a37aaf0e7fb5821794fc08e9a90a8087ed657f5639176b6ba9693b7c437354d3,54b2482513100ad2d0af9df039485e2a56216db5cb3f15c9c988ae5ce1e3a52e,4a7186b5ea50b89396d575468b7801c26d66280c7c4f5c163512cde00c5c5da8,420,424
af629c63020d49f98f8ed393ca4dd24ab72da454592f6b554ce2a2031a18f625,development,390,390,af629c63020d49f98f8ed393ca4dd24ab72da454592f6b554ce2a2031a18f625,7ae853cbefab05d1d0fedc0d965e21ef81cbb27f3bdbe99a636b3bb9c3cc287c,389917ef617a6853d669d1edea45a8b85a0abde6b1ade69d9a9457c5e85750f1,acebfc1f1cdbaa67b99ab78e7cf366c6129289708f3c5fa09a2ecf9a304b5a02,239,271
710cc00a70d302c0c0adadd00547d30faf10b5006e809507c903954f1b645174,development,318,318,710cc00a70d302c0c0adadd00547d30faf10b5006e809507c903954f1b645174,c7ab996fd6ec3ac509731a4736334388ae31530ee155b8098f0e917d50da4a19,be39cb822a87f1afab7e3379ff8d0eacf4f262b962a513c131485f00a0434b12,cbaafba8f6e9f8073ac817faea5a7430f2d3290a0eae19df8a3229d501b1b199,596,636
aad638d1cf8774e1b16dcf0fde9ccb500e3cb6a774429873928b889d65a074ab,development,423,423,aad638d1cf8774e1b16dcf0fde9ccb500e3cb6a774429873928b889d65a074ab,84e5feeae95f897dd219e9ca0c292740ee7c3986ce8970abdbf9e1d7d3a97e56,0ecde8ffb430731c54cb63fa7bc3bec0208e5ed73f9f36b40374de406b2465f4,2918a0f4f108394a3b213f1fb2292800f7a5e4fdb2f8e05062516686fd86fd4e,329,385
02ce49f6ca283c16ee8687a20c66f25224c085500e936df46b497e6c320ce5a0,development,445,445,02ce49f6ca283c16ee8687a20c66f25224c085500e936df46b497e6c320ce5a0,d2b0adbf9f8026c0265d4df6e4b9a9c8be06ded76c5ef96f9ad9d5a7726cc0c0,687a77aad97ba25a52534659ad0df5cd52164f7fa62d172fbc888f9c09592f85,46c8595ed15fc41205429d79c65dc66005a4c1268dfbf3bae50ab1f086b0a6d4,191,234
d79bd31c8327e898916bb5941c6aef9203503c3212d55de91daaf68b620e30a5,development,317,317,d79bd31c8327e898916bb5941c6aef9203503c3212d55de91daaf68b620e30a5,c34fa779fbaa496a57d9f502de70242b238e625344b3cfb4371eade0e5b021a2,7e80887fd92fa2a303a6b1c7ed3bea4b21e9c3a5d84902f3e88f3fb91856f42f,2204121118be4a21dc7e8290ff6886f33bf09c6cde7f37a1a6b92c6b9ad445b7,231,250
a90721e8e5ef2ee8bdcac23c5e50d26108e0be6d2143630e661af6928d9271c4,development,342,342,a90721e8e5ef2ee8bdcac23c5e50d26108e0be6d2143630e661af6928d9271c4,ca78a1a12cb91fed4e6fb030090144af460581579f2db2669d6cb2c490f00940,425e2323663a3a408df4c07fb65e69c7c06844292e0c93ce21e4ee92cc3177cb,ea661d63afe6efe81d915d798cc3321936ffdfad603744e1c6bed4fb265b1deb,526,587
b70c7d1a1c80682903ad5cda35f43de62c99e5a2d8ff19e38ceab5a8d1c1dac1,development,27,27,b70c7d1a1c80682903ad5cda35f43de62c99e5a2d8ff19e38ceab5a8d1c1dac1,3e5625033c76e746b241d1dd1c04e77054be6d4759352816f41f8f9123feef36,94eadad98f066d08053029b3f69494ef4b7383e9d0b950f403c51008d028fa30,201867ce746e087025e084ae0574e19003f3033830e4b9ed51a0b7ff52bf37e8,527,545
84feaaf5740203dbaf4aaa387d1780a90c3a8a610b853154cba2d26ee7cc9180,development,358,358,84feaaf5740203dbaf4aaa387d1780a90c3a8a610b853154cba2d26ee7cc9180,f68b93a9dbdac3b0f4948d4b490667c185d7b305cd0558de301f7e92b191d7dd,59611c7afaa11554f02398a9eaf04b563ab7d96dce92c4fdd229d23566c9a371,d7f50d656e4f3c20a34830d9b0402f576473daad00e7e575538185889945a424,456,467
34eb83a1ad3a3d7527356fc4aad088768138525e40b5159506be5e39a984d616,development,365,365,34eb83a1ad3a3d7527356fc4aad088768138525e40b5159506be5e39a984d616,a722afa16f91cfd0015b56841001e1d104e81c9f6aa58fd65600ab2772ba6e5d,af7f3846d9e7ff1ca59c615f1eb0f5b8b42729547e74b0664f3385e9184782be,9737e0ab72f4728657136323742a4c927f1fd268ff161f251b272a5ad07c0c8f,318,329
77825aa3f44be8f01a55d154e7195fc96d4a73b358d8da420181ce36c53490dd,development,425,425,77825aa3f44be8f01a55d154e7195fc96d4a73b358d8da420181ce36c53490dd,acd461c5837eb60d724b39af31c62ad9a0649b64c92a1c3bf3d228771598b1ed,b61757fb9938216da9165d753e1dcc7afba8b1c858d53b2a7e5b1a0b722e4d3f,1c20492a127281e4926cf94b3bf5c4ef44924ed1a800eb7d1faad6f5382d8d33,370,398
c620435d0b73636765541dfbdc2507826a0d267494d618d90ddfb821cc6961da,development,10,9,c620435d0b73636765541dfbdc2507826a0d267494d618d90ddfb821cc6961da,df77853b54354d0df1881917d63fd25064e6ac92276fd2cdc2e173f856cb5a9e,2c063f1831fbd8b6ec158a4550d304b8dc083081f974bbd319a0510389199ae2,2aa91fe0f62e1389f5145fbdc504c34b78778ff7977b891491dce8f02c1fbd4a,419,422
ed8fd15d1b37019d11ebc6e06691171824b61f4aebe98d03c8c8746148238812,development,312,312,ed8fd15d1b37019d11ebc6e06691171824b61f4aebe98d03c8c8746148238812,db2501375d11f142d73d26823b16e91d62847b3577f817a280fc62588f5f9ba5,5c54dc3857c3ba830274f83d8bf992ce6dcf4c9865a839bb2718e79676b2c105,ded904328da65818c52e0bf4ffefb9b9778f39d70e5db1ebcc900bbfa2979cd9,441,477
655d71b4f23ec3032cc4f82d283e9827bcc2f8c861ab67284bb2f76f72df5da0,development,112,112,655d71b4f23ec3032cc4f82d283e9827bcc2f8c861ab67284bb2f76f72df5da0,1fde01b2703e61ad293ec30612a5e5b72de82926fdac1fd62f48ec8b1194d60b,f2d7fbe8ea1dc8b96fc73117e5b0711356e4bc06c4e2cdabde96a46458905b2c,0d6f4cfd9d2046c8985d537aa577c8099b1e729ee24266e5f46840d6207541f7,210,239
d6a7f6acdde796ed646f7ae7e5d4961a721308a375fc1d328996d9441014785f,development,117,117,d6a7f6acdde796ed646f7ae7e5d4961a721308a375fc1d328996d9441014785f,1395a57b92eb7366e555bb8f1701a2c18e83612ccd3ae0438ae48a2c1f2b5623,89a56ef8cbbe5f01b8785ba8280c9586c95fd474a3fecf7f65454f59add919b7,dbf4a8c182d2626dc808a9f94da1829d6d3bf00c8a38dd90603dd8bff8a525e9,462,466
7c137ee77254afbac8f9fdd70bee785db164e16447721688dffb02e40249b17a,development,456,456,7c137ee77254afbac8f9fdd70bee785db164e16447721688dffb02e40249b17a,d968add52e9bd59dc8e86efaea2c10f3def9476f82020c7488cc5077017e1982,7fa3ef61525980457a4011db13f912a2bd7d5fb9513c82c3b9b04646a32fea11,ffa5f9cfb1d90f03d7b931b9c296460e76ad88982f2069629a34f08033c7d283,783,623
e40d6f7606570189113c4e761323d3b3d9d90353ca328a8076dc44cf24191990,development,485,485,e40d6f7606570189113c4e761323d3b3d9d90353ca328a8076dc44cf24191990,802f0af76ae71b3487e083ec063258c9de9d601a2e0462ac5a06037a869f5cac,e85ed8c0988ef6b81ef211a3bf591e96ba7808536f7c38d9a54cc01064d03b74,dfb630e8a1346cf1a2944101952a3a4b3f50b5cc84ad492c04d63820efec87ab,491,566
2aa2697f24da33a7a7543fb09e732955dd4588b511f08e6ca1d23a24659ecd5b,development,481,481,2aa2697f24da33a7a7543fb09e732955dd4588b511f08e6ca1d23a24659ecd5b,ca43d74b8dadf4b5c97b0166bdacdbf2704da2d6570cddaac44e88bedbd155ea,a000a988d6c24ea40ac091529e7dad53d9eb3949f2cadef369fad485ac3103b9,e9082a7228284baeb2ff7d18fdf7d3afa1eb67a7ece72a15a6d38023842f3187,243,289
8536bc3d27cf992cf95f7506c5ba83a1f2a7f2df11671090a09b63bea5072016,development,203,203,8536bc3d27cf992cf95f7506c5ba83a1f2a7f2df11671090a09b63bea5072016,85d7affd48482fdcd9c80835e84814e11d2d08dbc6d5c8b8173c6f302673bf6b,2bfb4fce42bc65815b63d475bbe27bd9fa2524871c6b7d01e6ce6fd9c7d818e8,ea6b51ff6a22122262c0b1aa3593c2903b80cfb2a665aff8ce37d2ae70be08ba,622,645
a8f5da87c48cc52e04f8353dbdaf0d9079943dffaf07ea6f15c1b6d792231d4a,development,384,384,a8f5da87c48cc52e04f8353dbdaf0d9079943dffaf07ea6f15c1b6d792231d4a,1d6db3a6465d376f08d1515db9bddf0a276e97eca0e66260ad508f807e65a1a5,8ecd4101a72800172d100a48921bdce9243bf692dbed2e4aa88995f38af4a49f,44ed4d434fc6cf84a0aec975660a663f6b9bdfd6101ba200076604c0d1f34e16,328,353
0182b27895bb5684a09c91b8569871bd42e2eae6ae1367cb25e12c736bf3e394,development,458,458,0182b27895bb5684a09c91b8569871bd42e2eae6ae1367cb25e12c736bf3e394,64d6c82e70b6bbbec9d2927592cf4f6967d4684a1d40e345371517416e68275f,6aad1d05ac82b520dd53692affc5a2f5b4714057045554dce50bcc46abe33afc,257fe4722316edc9a948cb72da99c510d9fdb795e829a383fe2c1302d1efd014,481,510
9b9874981ee94da72599502965d512f2410c226bfb1bb2f1fe823f7736d865e3,development,60,60,9b9874981ee94da72599502965d512f2410c226bfb1bb2f1fe823f7736d865e3,49013cf87354ccd91437849c415eb3cf267293d26f834e0d7a2494e77eb6e59c,2b58fa9a2b32224d3cbb155e8a36abe7d6d7a8f08cd80db1042d2510e40d9c1e,62d2ab485366a7e39e4a89e8559d3512991d62cf8aed4b2e342c47a797d2b034,362,403
de6a0d0eed9c94eeb4c1763faa14ac11012d847f98e00b6c0aca765fbf58f852,development,150,150,de6a0d0eed9c94eeb4c1763faa14ac11012d847f98e00b6c0aca765fbf58f852,8eb7b33f0a3da6c9ecea5bca46c17bcc9e9a77406a2ba120c7e07805d97adf9e,c7222893f02fe404d2542fc1043ccf6ae273645e104aba824dc80ecdff52cbd6,18e8030cfef95d8f87e2682cf23f2c0cfe62b4cf34274fa8698141d432c350a2,264,307
efa005295c74efea111e77c496f191f83d1e9443769f6807797e9856243a73f7,development,96,96,efa005295c74efea111e77c496f191f83d1e9443769f6807797e9856243a73f7,10979916c9ba824f52ccc9742005216547e31aa02482ce2533b8218dc047b43f,9b457f38eed96f191d12c2afe910f5f6c097cddeee7eea875e7541a7889520ee,b5c4895b815be9acc4bba44d15c52e37807ebb887e47d26c03f6491b80f2af87,339,372
66543f632b5fda012c6f23b063d6c069df3f8b4b9db60b46df9f2ab40b47f087,development,65,65,66543f632b5fda012c6f23b063d6c069df3f8b4b9db60b46df9f2ab40b47f087,7766884a8977f367c81718a07992b1810903b86260d4ede6254b6ca14ca5cd19,591e5290145a7db091a900d063a99b654e837194cb9574e028b156c0f4fbb1a9,b6f9c39fccd6693db503aaeed0a639d0544f3b0b8272efa18d46643cbe2b2bd2,446,482
50d8052ab2c6904ec385d069d88b6def0982628a477de016a4f94ca2104143d9,development,290,290,50d8052ab2c6904ec385d069d88b6def0982628a477de016a4f94ca2104143d9,bcac8b7ee390736cdc7b1ea809294401541146c4dc258bad3c47103220b8d840,f3c23a8fa7bc5fba3d07514da53d46429544f0ce198acff36d32fea52107bbe4,923e27ad5a69dd453e0df632d74dd1e72179a9e6fbf4b5eee5f9ccdcd095052b,292,326
8b4a3f590e801fcdde3f5c49a7079a640bf677c88fd99fdf35a8c817d408bf8d,development,455,455,8b4a3f590e801fcdde3f5c49a7079a640bf677c88fd99fdf35a8c817d408bf8d,9a015a2e6f2d9a9418adcd8f18509447a644c299990feee3b666c162bf5db5c0,c7462ab29d92f34471c3959564f1b475c1092f86c880cb8ffde9dc3562dbfea1,646270b8b60a204e4011350afb9f50e0ed7a95f87bc47789242ce3a5819abefd,380,420
dc9a734ab69fa98ab0bc885cf4a0da400ad5fc6f4678c579ef4dacc994f13654,development,42,42,dc9a734ab69fa98ab0bc885cf4a0da400ad5fc6f4678c579ef4dacc994f13654,0881e5150eff7ad6296af14c7a5a3f52ab64d7a926ec8ed6c85d6d7b56a6c62d,8574f8729d6597c51070160f374a2293040797f607556971b4ea9b3092be863d,b4256d36f9e087a9255ceccf80bf09c28344337696d46e55a05d1657b385a4b7,248,337
bcd9d5bf9e462646e41169768046d261f70874c6f1ddaea90567d43ad9736b1e,development,153,153,bcd9d5bf9e462646e41169768046d261f70874c6f1ddaea90567d43ad9736b1e,e22ae902dd748d91be0a3a750e156274fab392f5e235796e839029f743cac0d3,8fefb7c83f23c37137b12b9f9b5dd30f5a4f6c0e65674304611b9c24e1295899,4ee4c675e37ac28277e691b674bf7f69888ba5c0ce6dd401c9103f15da89038b,539,553
05bb5e5b6e9e53211cdff2a4e8f0713213dcba9bc8fa4d143e5608d492a338a2,development,244,244,05bb5e5b6e9e53211cdff2a4e8f0713213dcba9bc8fa4d143e5608d492a338a2,4b67ce5e044de592579371a20fed10d10b257110f49404e9f22ce91f01f885da,f4149ab31f80aa250d8bb1ee928899b05317706095af29590ef815fbe342e50b,908c6e392859fc3a72389a68072b6b3c41e7f33f256b35a0a50ea535d3491a63,442,485
018bbfe3a43e9b3c337958599fdc0f099e760a53fd5e706a0859784b8c2a4e85,development,126,126,018bbfe3a43e9b3c337958599fdc0f099e760a53fd5e706a0859784b8c2a4e85,55c7118b4ad292cfaf87b47ac72c4450c9540cebdebf6f9bfe733d2f16bfd208,c0ba958d3cbcfa8483bba505e23e6143a722949e7fc866ee21140e148d91c12d,741b786419959659c87703ac407a76d13b69db6780f90c40f498bec59f884f07,835,839
b5ebe2695de2112a32352048caf3457046e0bbe14bc0ae5f71cab117e6f79645,development,95,95,b5ebe2695de2112a32352048caf3457046e0bbe14bc0ae5f71cab117e6f79645,24c7c1076db63cf6bd094c81071662b44cdc3f4d9b87aa0978a12a370cd36914,5b974fd91117300e68c2135636cf503b157f858832cc76499ba872b31233c0bf,aaf6b94602ce10b2cb367bbaa3f4be05a1ec5b08ce95d2eeadac1c2f3cd87928,583,588
46f2e4ed0b8ed131b0197041a815b223df50d9d926ff8e325fae24ed00c58f59,development,325,325,46f2e4ed0b8ed131b0197041a815b223df50d9d926ff8e325fae24ed00c58f59,339dc073dd1ed073648d1377e2f7b631829e7ad321c4b29c19a59f5fb935f0e5,ddcfed1d7d154328dec4d4a0c474cbfc9f20f312d726c7a8c9de2784451dd723,d7f20d2dcd732fbaddc3871dd1fb9c08f2e75b8dbb27624c124bbd2af81ab3aa,364,402
d024053f747fbb08809b75cf61d5ca6d43008170b8d2c55090346672980811c3,development,91,91,d024053f747fbb08809b75cf61d5ca6d43008170b8d2c55090346672980811c3,870375b8874b4fbf4b7d4685335f470c65d2a2288a147cfa18178a3b43735986,e12c101a12ea51dfd50249942035a27d970e468e18035ab446b49f034c1f426b,a0572d04257b784b7611bb9c284b5f786c0033a174a93d13a158516783bb2755,204,255
0c9736f431b2a75a70aaef0df20ddf4529af839103b9ec81830917afbbb7e387,development,285,285,0c9736f431b2a75a70aaef0df20ddf4529af839103b9ec81830917afbbb7e387,533763a1bacabd3e80882229d50d0bf258a2cc9155d77ef589147d8972e4cf7d,1fd00244a93db44c23729b9e029ee517bff20ad3b6ebf11886528bfcc8acf5c8,9f19051aa9a9605db04cdd41f844423f0abd98e39e7305d40d4eb4860945a12c,179,217
13fa27c449efe12d6bf4f95f6a669b4d06d3b69a3bc5c96525690fbf4c2583d6,development,176,176,13fa27c449efe12d6bf4f95f6a669b4d06d3b69a3bc5c96525690fbf4c2583d6,057d4df1f9f8b6ff503651e10f3d3ccce7ba43907de5a24d34faf705a601a127,7a1ce75e56f8734e34bedd590073672eb870e29d457dccacae3ff9944a75cf5a,2937d811d342b3e7ad0bbc674566546ecc576b694894d9074094e0f4988336c0,277,282
3da797547c53dbc8026ff4d39ad6ba98ad5e7d73789c49cf7091f924ae4f368c,development,407,407,3da797547c53dbc8026ff4d39ad6ba98ad5e7d73789c49cf7091f924ae4f368c,d3d17f58d5f3ed5fccc68db1236f2961651a06622981c55ebe8e6eae43f86e88,8de88f13e34457984fb1ff190666ef79938510fb3e190d9b5d5898f78bf90648,e02c888e6d485597f267851aaff977a4c18119dd8465369ca9e51ebe42ca2579,296,345
b996b4d0e36b221670a07ab9e1d15776b4081435c80f48843b26ed4efb9382c1,development,29,29,b996b4d0e36b221670a07ab9e1d15776b4081435c80f48843b26ed4efb9382c1,ddb3c6fb3101b704a5ed317b69a20ea8ac7979f38774717372901a72d913eaba,c43c2f9a0a443dbe624cac16a9422d17d3e2aae12db4b656eb31de37bc44149e,ffceb94aea591e21eaa5a798da5f759b7b72d54009476b31d09fb02ad66cc094,782,780
747107357c4551987bce6a736ff9b3979eab89aed36580798a7b16b08b75ba39,development,313,313,747107357c4551987bce6a736ff9b3979eab89aed36580798a7b16b08b75ba39,99c8f19bfd3b5ee3c064c4797633896d5fb95c29f705ec4017cfe671b7e7c76f,4271c3a651423e753416e33e6ded3ecc4e701bfb264e4de59daad4ab78a5cec9,4a6dab13401189f2d9f9f1b11f2740403191ef3fcaca54c0de7edff0da7ef18a,448,486
5093ee7b01907b771e65b221494dba45e2fe7e75f486a4d31fae7796ae8445b7,development,146,146,5093ee7b01907b771e65b221494dba45e2fe7e75f486a4d31fae7796ae8445b7,cc14f94db42dbad9d4a83f003b80a560e2920943727af1cd46590156d74ddfa9,ada9723f1225e0cde471c33cea30a57aa1fd2639b14f0513b07b7412eef7a17f,822d4357c98ead70e855444397d015a7c6b570c4b5048fc343552d286e0c1f6c,414,462
5e7642373afcc2c35ad09e855828b1647272a32a5788e0242facad6c57b3d29a,development,397,397,5e7642373afcc2c35ad09e855828b1647272a32a5788e0242facad6c57b3d29a,9732d8e039529a89e4f9f1fb3b188044d7f4367d11d19b46050aa92f663d234e,7967826a798cc8a77ace44ee4acbc164cd0d43345572388a2077e4da011d8371,d44d81411c94e84630ed75f6aa4b8db0337c595d8038f48487041a7582432ca8,370,387
c39ea40ef8a4955c4cd871e786841e109b1af7f98fa195f96acbc88e0602926e,development,421,421,c39ea40ef8a4955c4cd871e786841e109b1af7f98fa195f96acbc88e0602926e,fed7a4563de7565481d0e89ca22c6fdbdebeb906cb6876787ff3179a74e9f96a,2f1f22cdd69e563a681b2c76563d20f4081e5c51f8e2edd33c175d8761d4948c,baf2349a90ae3f82b944b5f586a6fe2a25b9ba7720f9ffb4e921d5102fd9b8a6,455,480
b05e8eedecb72f2fe0d117744c2ce00ad0946e9f7c7f68c3a2d8fa4bd54876ac,development,100,100,b05e8eedecb72f2fe0d117744c2ce00ad0946e9f7c7f68c3a2d8fa4bd54876ac,06e99a2c949c3dffb7eb7abd052f324a02ca4ebeaf03aecaa04e86019f09f38b,94c394233d2464154316e49444c6214e59f9001bb80652a870f1dc5b470fc9c3,8b598f6da393fe9a1052fcecf0b7ccf022c6b099a65f924594960bfdc5c32626,260,299
80bf190e42ccb4cd440f62c52b491f33953cea448ff9ad4a6cbe75681d4b5164,development,301,301,80bf190e42ccb4cd440f62c52b491f33953cea448ff9ad4a6cbe75681d4b5164,5b019c1a65e514593d917cdaeafa4e6751175219681b1521cd7ac351f8a92d60,480e806eac064fd3895480ea6b1a40097100c97e509ee7e8037e7d49e956315c,1f7d7bcf6d6c62321169a09c3ce032fc9d35b0f238938ffbb1b38a2cfbf1dacc,935,830
100d9e9ca4b83dfd7ee8df60616d563c7eed3c7b6bf4363209c41b6fc4c326e6,development,297,297,100d9e9ca4b83dfd7ee8df60616d563c7eed3c7b6bf4363209c41b6fc4c326e6,fc35ee9d6d9e3beb526b7b35fd195b6aa676df8e61a7ee9b520164f611bed999,ef2b7c201f80e85bbfc0a8f86753cdc93ccb0433c786c740216260ad631c3c79,546afa29642601fd89c7e5d1500a4b5c1881afa60e69679ea78cbb182f251af9,292,295
cc54eebebe31ed357573fb23bb8345f2b4adb3950bd10d24876a881509b6fec1,development,345,345,cc54eebebe31ed357573fb23bb8345f2b4adb3950bd10d24876a881509b6fec1,a42eb15aa5c9ca068e207bf6fde0de58c6bf801d38ecc871d65fada5eca46ea8,1af800ac3c54e929de2a5e593b2729c4bde44dff548a6a3d86806f0818f81ab6,e5e0e22ea5fa30e7346ef27a624a52d93bab29efa24c93e7d7334cf8a1196ab1,339,348
c489c7b5c6e81aa3f4c2b8a431e0ef66c396637ab15eb57bef497e969b9b0f49,development,343,343,c489c7b5c6e81aa3f4c2b8a431e0ef66c396637ab15eb57bef497e969b9b0f49,c7bd542c9a91b2686e5e2d1bbc49b99e6e0c12650f73baee9698f8e62f0ba881,dfe015cb6f882cc46a3867cb341870b652ab266b85935566fe5d4dc08a535e5a,6b2813341f37b61f9a829316d85ebb9a635c45f4137ff3f51808a8cb7662618d,395,429
44fc2cf202ca5af13203a0d02c5c96cfb1b78f3afad525ee5c539ab272253fc2,development,80,80,44fc2cf202ca5af13203a0d02c5c96cfb1b78f3afad525ee5c539ab272253fc2,b19c9aa1f5af0ca8d8665fd63363afd355151bb7cfeb33001b16ce8c1704a4e9,6a8d11036420d6b3e1ac6eb2d6d1bee5410f1de661535cd6ef786bfaad225725,28b2aa22d12dcd78f047f23889df47ba0023fa2eb4bde2b906ee9352e3780bf1,276,319
aac165fd22139c7bbeebfcdd3a77e3b90379d8c89897f10c0248b9f1fa1a2b5d,development,8,8,aac165fd22139c7bbeebfcdd3a77e3b90379d8c89897f10c0248b9f1fa1a2b5d,75a11028052bb0e4e987f4d1e561635d5a63af2f2aca63964ece7374099b6d8e,a07e136ac4b57d46bc1f4f86c04bc3b1bc99f42cc16c59d402459f45dd8c9eb8,eb0ac42c71d13901c04de0c01d829ebdb40ff0f7831d098c3e699c06b689c17c,385,413
95778d8123f4d67dce73f8cb5e61ca06b5ac02eb510f6e2a44e6a53b12e74fb4,development,246,246,95778d8123f4d67dce73f8cb5e61ca06b5ac02eb510f6e2a44e6a53b12e74fb4,7e7a122742813d8ce8500972cf8af3307c2426983c9fff5311ef96de09bd21ac,2b5227c2f68df1331edf4b10ca58ae22e2081dd2bb24707f373a19002f1f7000,0065cdfd5bacc335316051feacf1e8fc276dec07ec126ca3f6b597910ec014c8,887,813
d40e7558dd15785882b788281c8d835a610606ac204b547e7f86644113f48336,development,372,372,d40e7558dd15785882b788281c8d835a610606ac204b547e7f86644113f48336,706e5e002f40af7a63ac8251a1783ff19ca056b6f938a3985551ea99c3b84a9f,9d5cd5fdebb27ee637b31fecb5f4380f3c3fa3c2284b36bc26c34ea20ae0f109,7a574586f1a0983f81e8db94388c77ff108342551b2fbcd6df44c4b5d67c7d45,426,441
a0b11f2d5c0636a9e7a74854cc7c753c2fb8a9fe1b281c5f65cfb003a4c66cce,development,283,283,a0b11f2d5c0636a9e7a74854cc7c753c2fb8a9fe1b281c5f65cfb003a4c66cce,bf79ec65b13792f0333f52d71f42c6fc81ccbd35138c747e8cbb01fdd0754cbe,0f091be0b99a5bb0858ecbc93cc16311fd0c6f1c77c96668d9533144f9688877,5de99fe706cd6d7acadfa0cb0b92439538d80829f96e85b1ee4f9f819fddf89b,243,277
f943ca80f662428a7fcf54fd3543dbbf26d5baf750eb42003368c1eea3b958f4,development,18,18,f943ca80f662428a7fcf54fd3543dbbf26d5baf750eb42003368c1eea3b958f4,f69dfc54eab578ca3e1e7363426df36b1e4115da44ddfa48a7182b813f6ba754,07b5a3bf223d874dc21466eb01a64ab633fbecd9bf2925864e25a97de2ef3b18,d04b33a94949b62a519187b524c893922f8703686ae38a2b8b151a11d5a1c548,353,391
c486e77dd59fca36fbbf584c14a740b5ae2c7ef27283fec2af31fbf963f30d3d,development,40,40,c486e77dd59fca36fbbf584c14a740b5ae2c7ef27283fec2af31fbf963f30d3d,4aee7d89b0992303f76e14e27af0922bbed4d893399ec8d29facdb2f1c226126,afbc5f4c454c3e122e139a30abe92f43b86194e32b4ff7364cb411560a82d1cd,d9f38f68938dd32e7d0aef9747c1d85787dbb115e0f64935d6d1fe471e68cf48,366,401
68600469c442a2b9c14da8ca139a5cbd7bc98697bf901e6509541bf603ca962a,development,15,15,68600469c442a2b9c14da8ca139a5cbd7bc98697bf901e6509541bf603ca962a,db977410953a1f9b8775b2079e368263e201aa3683f67e1d2f5a89c5f39aa671,17120eca631562d31f19d3764b2cd942d9e02c5528d41ba1240223ef2db278b9,55f4c416504989bc9cc756d7d2326d6a0feb9cf3ebae1620afbb21c5e1863683,396,413
2b702f671a12ce40710121d1644dd938c2595ca76f12fc472c4b3135c654d4f8,development,486,486,2b702f671a12ce40710121d1644dd938c2595ca76f12fc472c4b3135c654d4f8,7b759bee04cc31f138f652586d18176aeb06f5ca56f8a33737c8c7c1940bf528,f2762fc17dfd7ff8dbe29c267bd0635189766352a83052b70d16cc295a1c776c,476d1c557364628911de3d7b471133918ae203b630e4de64f425e8d14a1c1d57,280,327
2c652b834d3faebc370c66e83b5b075c6ef5ab1fe5f69b0dfc50d831946c800f,development,172,172,2c652b834d3faebc370c66e83b5b075c6ef5ab1fe5f69b0dfc50d831946c800f,9f27c3f39130320c57ef954a2496aeeab85e74a2ac74b5f288c858a261c82c4b,68c181901c2d2aaf47f7282ab63b96a2467263c32ca0539cf2ff7fbff0aa3752,ec3cf33173f991f294f2daee0b51509649d832b2e2db611e2dc573a210563dc3,345,404
2031a3cf9c6474dd636af20b1fcb9479ae784a439160ebb843b9a8e89564cb09,development,88,88,2031a3cf9c6474dd636af20b1fcb9479ae784a439160ebb843b9a8e89564cb09,a9b187fdc0d14594f8d0f6334cf8bc638a77e33dd9d22ea817d5e19bd5d6c129,6e53faed7232f609fe73e74f8fd930eb86231c57733c8144ce26713360f8b668,81be8eceed243e7c4f5214167dee2a5381cc9ee117c174bd91135ab1f1e9fdf6,642,663
fbd13a40d5cbf7c53c1ed7d7fa0709f16ab498016feb5449aba5f10c17eec70d,development,341,341,fbd13a40d5cbf7c53c1ed7d7fa0709f16ab498016feb5449aba5f10c17eec70d,098af567a0a996ec748eaa5b7bf358a108993b1f6e717098405a7fad725f4100,cfe84aeb746c5f68f79ee51c5e0735d4d5acfd02a2cacaf8f5b0b8690eb0f7f2,8415a872fcb117f097307a959c7250db8bbbc4694a3fa077d38f7637e63d766f,495,513
50d8fd478b2aef252cff036a9d66907bc67321fd2a41d1eaf614125e764dd03a,development,457,457,50d8fd478b2aef252cff036a9d66907bc67321fd2a41d1eaf614125e764dd03a,6263a7842fc7ff1c6a64b8bee5551212043e41d0b1cb3e1da385a8f554ac7f19,e6d321ff6cf509062841979f892cec84176205aa1c014f218ceed6d6125c838d,4fbb6fdaf6bc115c79f863b256557155774fb61ea6d6d0eacb94c52bc8acf87f,633,659
5dbb1a3bb5e063ad8f1ed6de5502f35b9a0ce19acc81d77f4dee569201abbc11,development,135,135,5dbb1a3bb5e063ad8f1ed6de5502f35b9a0ce19acc81d77f4dee569201abbc11,0583692e18d0cba4b7661fc9918203ccb6327eea348ad476ff627b77e291db0c,02fb60d82485e401a74245fe87e02ba39a8ef312ed89b2e2ba7f56306f9217eb,064a4748378042297e7d423ee1f86ac2d6b471f1fad6a14751a33b68d58e4e22,238,271
12425ba063165bdcd7b0453d6ee8b246e218e25edcdfb31fba6962a15d76128a,development,180,180,12425ba063165bdcd7b0453d6ee8b246e218e25edcdfb31fba6962a15d76128a,15f07c278b7f21c13d3ceffdb20d873fe2daf9626dbcd42aedb30bb2e2327229,767a0d786857c42a5113ed76951aeac3830306bd00b7c9d4b326bb203c8f8380,7886e7f5a96aacc2ea1b12a9d1fc4f54b21cdbce8cc30764367ae0992cb52b26,185,211
ed60aea9542890712ec3d539d1e763ab9f4af7acc57a8819261497c4d02702e4,development,326,326,ed60aea9542890712ec3d539d1e763ab9f4af7acc57a8819261497c4d02702e4,d221fd0843c632fb9caaac6a28270a11705c639c1cb24e399d51f3cbb49951ba,bb8050627e6fdf9f6b72a56695bb84915972f8f62cecd626e7447f99baaab7bb,4b6a9538b9cdeff6ef9f9576eddeda80c1ba4c2c0282195412c1836500322454,363,349
a7148d1c071e43b749444dd4b87d4fe958c6e199019b17b724c24fb1f3aa58cf,development,333,333,a7148d1c071e43b749444dd4b87d4fe958c6e199019b17b724c24fb1f3aa58cf,eb8d7117804524b451e70da9c8377bfc5d95372cefa88d52337b4fae7dd201d2,4d2ac5a7f1357c5ef613c952314771bdec9e8e816996c2537dae6cbbd1418750,bef5d7bd113afefc6ac346746a683713ec8fcf1c941d4f03e469be749d20adba,239,269
7da5cffa9225cfd9dc0fda9edbec9168f22601a3bc16819b6dfe05f29e666c87,test,459,459,7da5cffa9225cfd9dc0fda9edbec9168f22601a3bc16819b6dfe05f29e666c87,0705cd92c03b630298800175296e2d7581ad13317da9118c7ddae91795709057,33318e7485216855d7224ac9c8c325e8fd300c3ce0ead4506a718a34ef8b37be,66f02ed3d9b6f1bd3c5d7f23fb861c798e18cb47c6885c1251b96c6f60fe58af,196,216
73394fbe16590224daadf7573bb8407b460c58708982f43792aa99a23c2fc0a0,test,254,254,73394fbe16590224daadf7573bb8407b460c58708982f43792aa99a23c2fc0a0,78a2225a61e654f84dc1af529a3cd8f68dc39100a1077e8e80a761d86faa1c71,61e1697fbcb71893a6d4c3bc602b32a33354d6ca2843596f9b65600067987735,fca697a6ba6ecba77cc278d3afc5d0a9f76f08025fc32a5cbccc5b9cdb3f1d06,417,428
dbdb39cfa67a412b3c7d1d84e048d36358166be7d00edfcdc5fb9addb1005d19,test,162,162,dbdb39cfa67a412b3c7d1d84e048d36358166be7d00edfcdc5fb9addb1005d19,1da6b7eb20bd934730e9ad53431b02c180f3a64e673d18228a7e1f5ab0abbb07,4775de195ee1e38e514ef6f537c2f386ffadc2b141bf6667e82580db6dc533be,e3578e5080edb5daa4bcae095f6c35fead010774f3073f4b8d404cc11467b536,468,496
bb00c355f39245ab09c4fd6bc052eab16bd9670b322603913beb06a0777b3977,test,101,101,bb00c355f39245ab09c4fd6bc052eab16bd9670b322603913beb06a0777b3977,10c9137ef1fbaa8413db20af078573a042e92e0bbfd0d2160417f74937c104a9,9f34a524c759c47509b306f3c00c8d5c2bc19ef2360e420ff01875c180eb3b2c,e8fb3d3c0ec9fac7c00e9ba047f06fd2cb3802ce031167b293d2807dcc7f9df3,1210,1229
e65add3c0ef553fe4c6b6a880c78c9501d441756bbf6a20e5bef3d9f656a036e,test,431,431,e65add3c0ef553fe4c6b6a880c78c9501d441756bbf6a20e5bef3d9f656a036e,3835b09dae95e86c3eb0fba23db0c915903e0dad308355d99534e128b1a438fd,4cb1dc97bf6e0ecf5f4b4b123db0e7a7cc68ab56798e095023792c5951bac5ac,2c85cf868c817e498e60458d89b263135244bef65732afb73311f6dd8cc88aa4,516,572
29f001312723a77ec52a752803cb8469e62465368e87e444000147efa728221b,test,422,422,29f001312723a77ec52a752803cb8469e62465368e87e444000147efa728221b,11feeb3537c4a43e1acd9c59ff270b4aa52d3c71369565424e1d8242873f6235,38e9dc5220c570fd43d7451c6e6c37a32adace0ae3267eb200ae6b826f21f79d,f0810b3b52e0dfb946d856dbb234e953fc7d0aa20de2ee4b8c86c36781acf780,646,654
cd2ec1a8634bd74149df8f5eadc5ef2a3a75bf3395600f1384113894de66ffff,test,184,184,cd2ec1a8634bd74149df8f5eadc5ef2a3a75bf3395600f1384113894de66ffff,491e7e133586a496ee4c25e8b3757e26eb5e3eef9bd79ad72f2e7f8051371f9c,0d7756e0cca359cad2902c1e74e3743e081f128638b52358fd753851ece4327f,2ad93bcd205b7b37ec3db377381ba5370ec930d5d4251bcc87c79488552e7476,535,550
9840b0f3a6834712378c9a909195555131aaebe4f49db668ef7da5806b3de214,test,350,350,9840b0f3a6834712378c9a909195555131aaebe4f49db668ef7da5806b3de214,cd62df5e8445b4be8dc7a06d442a885af9a885f2deff5794315deb773bdc7d2d,d9225e810143bbba4e8aa242fc7e9b05347842cb63932483eb857bb6ebc29284,9adce47f8f2763d8b8d743af25c565a6157c5144b8fdc8f0d128eb4f13328a6d,278,305
f0dbe63a751df78f3d26c8b8f048579d500a5593280a6d5c5ef39cb569df978f,test,382,382,f0dbe63a751df78f3d26c8b8f048579d500a5593280a6d5c5ef39cb569df978f,a7fc6bab0a5ed1535a5f8b23a38aaeceac397d17e0bdfa896536229d9b5723cb,44b1c1be2bde78d8cd6ab51c1c9741e1e4ae9e31228ba89835fd884de3270c00,9a05b011b2e11ec2714339068eb6a29ee6e92f6d20f5fc058fa34b2888917f01,411,464
d5fd3a8f571a29b06ffc5291d69045bb57fce183afbe6a9c29c6949f1c906256,test,240,240,d5fd3a8f571a29b06ffc5291d69045bb57fce183afbe6a9c29c6949f1c906256,a20043a389e7b2cf50464eda1827e69acb048f76a606adc5ee6492deaf1afed6,fe4d2a71b66cab142061c233fe386a7d1f58bb649afd0d17c9c58a8b6c049070,4e3338ab227f3a57761ae263f4c740924f27f2caaff5e341ea5da783fc8862ce,172,216
1ac2cd808d544bf9d9c63ba68685fd8d0587e3897b1623179b101d71f3cdfc1a,test,115,115,1ac2cd808d544bf9d9c63ba68685fd8d0587e3897b1623179b101d71f3cdfc1a,850501173b138e9af7a81bab1e7859048fc5dbe6ba5e7f7ac1ddb529ede04288,a88fe902916fcd4c2345b54866a0757af6eb2ebb05b9df4b476981928d9cfe49,e297a40686bc4299ad1c917a270f1da4822462a0db482f475d57e1bf60aab5cd,248,280
5ff5a72ad2b7e84357e8741f2d40a2663f2a096c49a3f0bf3a1588faa658682c,test,227,227,5ff5a72ad2b7e84357e8741f2d40a2663f2a096c49a3f0bf3a1588faa658682c,9dcf89bd3bdbe3e32ad08b897aaa8bf53ca52c43767a331531ae2ecf46de6266,936c0008955ddf980ca003c3690d52fdb1cf2558d7e56f21548e007563bd0815,4ac97e3646cbf21fc8e5f1b11a578bb5312d22d6313ed1f07f5b9f42f7c382a1,154,201
7b64b08edd838447177b4d1fd51b2f1f7d420cd99f554b7cdc87eb653324ae19,test,438,438,7b64b08edd838447177b4d1fd51b2f1f7d420cd99f554b7cdc87eb653324ae19,68ed57bf81f3bda7ef9628a563867a9f577eab86868a62c69f702cc5914e1030,122570a0003d5db12fff15a6cc05ffaae982c1cc45b6741c79484532bc585ec6,fb3d534d46b40906ac2449a616bbc73308bfade82a0f1a00a02505253e532eb8,398,409
e08ab3daba9307ffb789b8299f428aed80680da6e72e7b6b00f18922adb0a566,test,248,248,e08ab3daba9307ffb789b8299f428aed80680da6e72e7b6b00f18922adb0a566,4911f086ae459aa2a88963fe0e78f3f035a9d1ac62fc81d384cd3f3ebd8a6e0b,b0821ee9b76fc9aa0e3d94e178a5152152591d0a652afeea574b3afad879f11b,da84c64d95e46f02a0bc9f8452823f412cd533f0112dfc35e5b7e213237aaf44,217,283
5bc159bba62a741e49e909ea72642f788f7537d075a477813d818e592d8806e3,test,124,124,5bc159bba62a741e49e909ea72642f788f7537d075a477813d818e592d8806e3,e42ba1af44e01e2ecd90d82b7cf28dad5d334ff242e17f36ca322bed69042fe9,129c351388b768d569ea64964cd0c50f4fff0acd11ea69c7f11e20559d729d02,4f6fe4c4b5a5b6f73196ed82eaf7d2441f02f3e526dd0cdb3495d4e6f6787990,453,520
b80dca5362e131401aab46ac34d9c57e552d63771c7ea33c986f59456eebc150,test,174,174,b80dca5362e131401aab46ac34d9c57e552d63771c7ea33c986f59456eebc150,8bcb1ac6acc26dd0700ddaba19d97f390a27c75697c7c092ab89f0cf2d769e76,4fc1bf1132da7570873bb5b384c98e179894f2182db63c14dce4076ecb76b1b7,f9e19ef6b7f82a44e15b84dd8f762ea4d9d85eb2601f74ae1f9319ecb401a968,611,684
6185a5c06a5f12adc66d9245cd5ea77a2c09c468f824dae6ec3d4666ec5a54f4,test,107,107,6185a5c06a5f12adc66d9245cd5ea77a2c09c468f824dae6ec3d4666ec5a54f4,b57094f43296770d97fea0a8d7af3caf14c8edaf65c4e008ce737e31441541ef,6e22bd5221561cfced6273b58a90ee459b2751943a79a2e4becf86646efb75ba,29ba32c9c2f679c4d0894918fc9f393413cf16526ba073f2338548cb41d35696,458,482
462bde3a6b7ab2897ee2aaf45483929c28d8ae83d2bc94465020f3009d14e3bf,test,352,352,462bde3a6b7ab2897ee2aaf45483929c28d8ae83d2bc94465020f3009d14e3bf,0470a381f07fd548b9f3f9c6998a686dedcbc172eb43105ebe5b478e4d989872,98b2079bf1f9f6def3356575ca988f8b2365db59b91537f3158fdf2091ebeb90,8ae82a14057992a0b32cf4d105da806484cb9dfd7251c8bce032773b2aa4eb9a,583,554
8119d6150e6e16ca943497d670df2e3c44e8309c7909ff4c84dd3489368e7b86,test,1,6,8119d6150e6e16ca943497d670df2e3c44e8309c7909ff4c84dd3489368e7b86,5ce0ca55fdfc6bd74d3570cb636735e2e3b603dd4bc59680f839ebe597fd4032,c51c6e0fbf6fc0d437e959b870b948571e768f8af5a590ded33d97c3f74f27ab,b27646d13ab7a096e7f29b922155784c0f892bfc0e9836c431b74669973e7376,151,185
b57e2f0c4052fbd642c09d022acf54d22c631236dc257940b9e73d7dc3782ea4,test,354,354,b57e2f0c4052fbd642c09d022acf54d22c631236dc257940b9e73d7dc3782ea4,33e3c5d1040c48257b2f45ce05910a09a1bc88da9baa94e3f3423673e169076e,e55684abc188a6fa6c8294942fe08f00d078e1f6169e4eddf596c5927c9d9d45,7c1561ab68cd8182206342a6c75b5c74c5496ab29954cecd8408ae25952cbce6,421,397
63f083b10bd5e09818e4661be78ad27853b6fcfd24461e92432a1f193f3a3675,test,272,272,63f083b10bd5e09818e4661be78ad27853b6fcfd24461e92432a1f193f3a3675,abc3c0eacf2486e8d272fcfed23ceab00338944f91bc8a5b4dc5401cc3f97926,0b153d2846b1d451d629b9762c8cc4a7e446d1a0dbafcc8d0265c439f4f4f1ee,b7d1c847c68ed1a3dcb04e59eaddcfbb686bbdd9e0f05e8cefe074f70a4ec246,419,423
31495b45e0a305558251079e8120fa91fcb145817a64e33e2665c4e8617524ca,test,161,161,31495b45e0a305558251079e8120fa91fcb145817a64e33e2665c4e8617524ca,6cb978af301dd72d53dc191dfbf9d7e8e221abc7d7b093170a9d9f7ecba1f3a1,681f7fc3681c91fa8ccb73ad5e64b1511ebc7cb8f260f7766045d9b1db686038,7c10b8c75a9405104950ec5f452b1974fd17264d335f88b8d33fa82056d63c05,391,391
9c4698f59a1821cfdc365663a4c6db7c83043713c844db7f4e1972c71a2c7cbc,test,37,37,9c4698f59a1821cfdc365663a4c6db7c83043713c844db7f4e1972c71a2c7cbc,5a26521feef1c8afa24c4b66a27b8cb75853181392d705a7394637b804b3781f,a5484dbc84efbd5310ec20755b2844f61a7cc2f381e327e3178ab896648ec7d2,36e89598121bb71c89f7b04f75642c32271a7f5d8db3de83f8d48a999354798b,515,536
97f017d1f700ef803595c930bf3bd34ffd8a7790b1e402a4ccc5218a11333b62,test,57,57,97f017d1f700ef803595c930bf3bd34ffd8a7790b1e402a4ccc5218a11333b62,50aa0439003015539b2ac691f0e1eca8283e8f6317949762c0b12146cff81338,ef358d4a6482c5571d86b3479bc02e7d85a57218b7280f1bc2917eb994c88837,a955eea6dae54074878bf371de3cca713c0cb3b5d1017aa0223ad49686555345,326,352
e958a28256c246928faf1b068ac3111a4fd7348519ecf989734f52348b84d559,test,339,339,e958a28256c246928faf1b068ac3111a4fd7348519ecf989734f52348b84d559,7bfe3399f0a314d08e81b73bfa3c61a1d734233cf8ff4fd099dd7fbe9097b056,a9b8deeab7031cbff9047db5422ffbc6f2af4530c1b290782600acd5e65e0313,5a0099ab174b5f2be1a9e8042df4e1307ab97ec206f5be7610c80c7a4b43335e,600,469
48dd52eddc76d42540fc5e2b0ef22bb30f5358af7a0bbb33a89e94a6af80782a,test,473,473,48dd52eddc76d42540fc5e2b0ef22bb30f5358af7a0bbb33a89e94a6af80782a,9bc4d4ab33fd2ccce9f90e6aada9b4fe220c444a4fa683edd4f52e8b754e7c2c,66c2f188cf4cc68a2424985af129d4ffd45b1b7476a30f8abf7acce80485d4cb,30fd5a9acbfc35bdf31c0a210b57868bc37161148142bbe4e50cbab964fbbaf2,977,864
de149c2617462ff5e24b24257b68aebd5be0f7603c2ee664c10045fa15d72b1d,test,418,418,de149c2617462ff5e24b24257b68aebd5be0f7603c2ee664c10045fa15d72b1d,79511e55a26c6cfa9f0d52bfd925c32e8582da0c52068723d6103f05bc57d077,83c866c9ac2d43bb2372e118ee8f615e2025971f2bb54d7e7416a2ea398f1ccd,855cc8bbbea5e6974cb74d7ee7c02711fc8baf2d11a6bf33813624f6e7474304,639,596
2a0cd90f9292bdf358d7308d37a15a6386088408adf0504c06f8c56b58aa8596,test,143,143,2a0cd90f9292bdf358d7308d37a15a6386088408adf0504c06f8c56b58aa8596,c296a1792a6b1683aacc75f31bdb3bcbc9ad743b49ca0a3bd43c611f34303e84,b981185457619e80f258704c56235c507e43edd12ba5ecaa4d08256c9341797b,81fd32d31c3a11cbd5d18b6719588511231ca804dc456aca6c06105771e3f5c2,617,579
d98fb4837a6dc6536ce974419bfc22781f13fe47e346c0b27a5f7bde01aa19b9,test,77,77,d98fb4837a6dc6536ce974419bfc22781f13fe47e346c0b27a5f7bde01aa19b9,9cb6296c417c772cd020378d9353f7c3e255c2fd10eafdd96caabec9ef17d5e9,715a242d1e7c03a85b15ca4c8c16dafc99351cb2fd7d37f727a69e8e256ffb0b,eef051db5e646037bdc9623937b30b09d8f3de8220514b010d7b12e380618750,421,449
59e4648a41739c0b53e4784a4b98e2937f8eecdfeeac3dbb921da89e05788986,test,436,436,59e4648a41739c0b53e4784a4b98e2937f8eecdfeeac3dbb921da89e05788986,4b0a84d41ef3688fdcbbc24aa5b72e65282c8e89ae805b5bcf432cb00b59f913,f4c1bebd982ee1367aee864238a274ff45b6f9a38c6c8ef9d7802928428b0005,4e49638ee8037ae5107eb503c779c166e1e4fdd905dc6277a11d513dd2094edf,177,225
849ec4cb594f2658cab89281136df6b0dc536b91d9ad71e62b66fe6aae706ae4,test,383,383,849ec4cb594f2658cab89281136df6b0dc536b91d9ad71e62b66fe6aae706ae4,f864a846ed1cf3f4ca50f77e1ee57d73ac90524792e29db42726766c01871f97,841db718841d8788797d965134d8beaa9307fbf08f239d4ea41c49f5e004e9fc,ad395af65612e14717ffdbc5f3449d652473f8813391afddb8918406dbfa3dce,241,285
fdf1f360a635133c2d7f5c73def64273adb541c5cbbbe9b1d68b31e5d2b9db2c,test,243,243,fdf1f360a635133c2d7f5c73def64273adb541c5cbbbe9b1d68b31e5d2b9db2c,31b2c767bdd1a4dd140c450538d16bead69b6abdd7ba234daa768d679390774d,423792c613c2b44aaa090786b8d2cae0fa4af4c2398ada41a028bad29537d532,9448d1f74fb1bea64c171982889dd0e7f6da4ba721fcb38802f8bd155d2c3146,184,212
45068918de9e3a87ed9fb6f32645e28f37b3ad46b73cfd63d3f4a9c93f67ab2b,test,166,166,45068918de9e3a87ed9fb6f32645e28f37b3ad46b73cfd63d3f4a9c93f67ab2b,ceeb56b98c93db9cd0e1bec15cfea6bda98a5c2617c7ce06d71d1bb8cab280fb,a93c7e93dcd04f5f7a65c67ffb607b93ad1e9a34e2173c9d1bfd3581db3a5e5a,89603cca8679d1c123c7a737a451bfd14f874514057452932f118f52967e4120,250,293
02f0de528b0673337c119a32499dea1279b88540ffdca1db1723d4bae13d590d,test,75,75,02f0de528b0673337c119a32499dea1279b88540ffdca1db1723d4bae13d590d,98073e8dac4b938f4fcff379b5886f8302f26b0ba23e4ca3823b653ab286504a,89f3b50aa9a1e378a5d350dffd47cfcd6cd2d54119a2379cfbacfd9be9256834,4d4abb3a64ffe7a3ddc0851512d93912e106ff81cde2c9bfde9064a513cee035,232,254
ac48496f4415fe5e152e291790625bda050a26ab76eab499f6c16373d2e9226f,test,443,443,ac48496f4415fe5e152e291790625bda050a26ab76eab499f6c16373d2e9226f,563df2970bd851f4b8372e270ffc0f8fb45af53aa9990c3d3d2799954fa3d4d4,d2492a78122e080f2d8779e852d108cd73b3e1253007b0e2a549673e9807e1e1,7ca34c342d2b295acffc1955630ee89bbbc2f45353bebc553c992cec76cf496c,603,567
58bae51cf3bdbeaae2aa3fc693a139168dee0e8d8c1eeaa338a68c0b287bb9fe,test,36,36,58bae51cf3bdbeaae2aa3fc693a139168dee0e8d8c1eeaa338a68c0b287bb9fe,5fac8cda8e580e2c56d94ad26e6d68f85c9327290b1e450c0301f77ada34eceb,0d1e41a9ca080e046d5fbcbd749bcf34de8575a3093c133b0b8240cde5412cb6,8fcee999ebff9cefdeb9191b0af5a06e840c39bfdfbc662b78ac7c55f1e9875b,237,266
2e9d4b1beea24d41bab545315f0ef26b007bf5d89996f4b81bcdee54460d5c4d,test,114,114,2e9d4b1beea24d41bab545315f0ef26b007bf5d89996f4b81bcdee54460d5c4d,cb59c66df361d27358a5323b61a1b18c1d990ee63ee21b850ffa0ae47a4efd94,cbeaf4034370386e1733056fb0891601edb0b0716574125bbfce613ef9eeb1c7,725ec4725d87608f8e074f2a1402d4af23f672f488fa1008608fc47bf02bcb85,310,347
855c034671640fd383b778f43a0595ef6414cee08e8badd5532c25deca1f4723,test,127,127,855c034671640fd383b778f43a0595ef6414cee08e8badd5532c25deca1f4723,60fc03692ddf4d147a269c8f2d71b8e30c98fa83184cefb8b59f20d46f82fe1d,bdfef98ec35a8d6d6c7adc9609662c3003cdab293a6f54ad9594893e5ffe3288,a0ef7021d3e99bf63bfb503f275c43554adf6097b56329906a4103645b913058,279,301
0103064da16c70bba937fd6d85083f5e998dc5833ac6fe066274e91966a1b4c6,test,434,434,0103064da16c70bba937fd6d85083f5e998dc5833ac6fe066274e91966a1b4c6,9760ffe9fd1edcdd87f9d903f0b236c4d05e8d3836361c72ddbea563de461ad9,e119feb559e3e4e2f5089c25557c166311aeb452cb2e6d19134286dc60b5d50d,eb83a6e6218167776c58e75e9f5d174736eb7c4a8e6a847b9a0cbee9716be3ad,590,593
49e159f84b0d42de8a3bd470eb7a45e9b2ba7025be531676572782a8afa5b515,test,405,405,49e159f84b0d42de8a3bd470eb7a45e9b2ba7025be531676572782a8afa5b515,392bfd60d06a3239c5eb50403c83cf1926eab304b5d1c8936759b09b558bdffb,fc09d0a367b9a4bb7bc424627138c430f46aaa96152cfa0de8b4e2b3b962a74e,a026a7c6df10e42d94f0b0c484e7e25de6605494cc5a15a4faac9233b1ef9b48,203,238
6749f5bd1a31b035f7db2140222dbf4394735882bef899708dab1494c1e6d915,test,74,74,6749f5bd1a31b035f7db2140222dbf4394735882bef899708dab1494c1e6d915,547c4eb1bd112de9c6f490e41c136eb8b7e4613fb36337270ad33685920561fd,e2eab8c513a86b690b412b06d801c59d38296bad57d8f41aa21eb4326d4ee9f2,73b4a4c5d25c282f2acf4be8ad0ef8c3ad560ea720924a793d116dbfc8adb0d9,133,159
654d58f71bbdf6bf84103d8b1e5c77aab05f4ed025674df1551164f4c1032e52,test,70,70,654d58f71bbdf6bf84103d8b1e5c77aab05f4ed025674df1551164f4c1032e52,1e604d777a69761e17a7bf1a9fde6a17c627fdb61b47dd45df4e19b21a8da4b6,2640c13d54b5baf54475017f89781dcfd6c05337db7f149cab2dabe903e3e7d4,bd1a001f1beda44dca75e8795ea8852729703f56e9fd8873ffd6063d670a1c72,239,277
d8f640c552690668d99dc2fb6b04847da0ad9f5cbd37ccda22f565a0c03a1be2,test,108,108,d8f640c552690668d99dc2fb6b04847da0ad9f5cbd37ccda22f565a0c03a1be2,5c8916d839d75de40636deb81ddc1beaf7d5da61e831c33401536204ac3d65f5,8e9f88f84b6abbfffa55bf18853977b264bd81f2010b3802bbf8fab3f5e34f00,ba0959d2a5c2697f1a30772e5fa0a3b8a440b6c9d7a1a2c0d05561277874485e,286,318
54c31ab603d43a318620659fe71a0f90aa65fd4aaf6682d6f56721580942c892,test,207,207,54c31ab603d43a318620659fe71a0f90aa65fd4aaf6682d6f56721580942c892,ad7ca162d4767052eccac1375c1d6a1e7466eeacef8f19cbb51889659e67aced,65713dcbc3f529b33109c535d0b73090059288dd81c2e211a3e91fda7eba6252,6f88d0f774b5826030d3b28c29700421de8f58fd2946a7d8671b3488f22f4239,256,279
78692fd6c3d4dacbffcf765b7d86c84db2142264abb17586f920f653f09af5d2,test,293,293,78692fd6c3d4dacbffcf765b7d86c84db2142264abb17586f920f653f09af5d2,78b84144b9b6248b3ae0014525b67290a59d4a979d52eddcde0f715bc1810d8d,7e679b976c8dc1661aa6554dc4925a4f16681ed999e0186eb721458f67c08a9c,ef14cc78b59d8a6345b15acd662af8136e029421f50b21a639088ba70b5e36e2,479,531
dd32be00a0908417a00f555e168b07274b1ffd4a47a208418373f40470cf37e5,test,89,89,dd32be00a0908417a00f555e168b07274b1ffd4a47a208418373f40470cf37e5,327aa4086c0433004ea0c8b23f61b36f5ca0b502cf6933779882c579b7f5d1db,3919a9c975253e9fae95b2b8f68d854202104a76b712f666c87df85deb0b660d,b67d5e938da7cdba26e3e577de1fbbd15271857100e23d3f0a072be68e30b43a,411,417
b9ea892333f082fcbf5bc57a5983552fd3d625966332e58fe960623aaa8e2e31,test,338,338,b9ea892333f082fcbf5bc57a5983552fd3d625966332e58fe960623aaa8e2e31,18c74bfa3c6143ddbc924d4d30ebe03c0d1b579663c80dbcea1e4a4856e5e79b,20e8204e8d84ea2362979df91f1bf75f6c4cf450da38037ece990b14c96af634,503d894cfeb2f20568cb4add88740c53d8e74283b95879226202e1993845e82e,493,503
c875e549a95e11944274234d509ab80f4a1735cf6b1125e98b893e20e11ea295,test,482,482,c875e549a95e11944274234d509ab80f4a1735cf6b1125e98b893e20e11ea295,a475bd7ddd4b64871583fa763a0d1718be937801a462509f22d13ee71f62be22,7d6187c644b78b07fad8fe7bc599dbe879c912c51c6313dc824754889bcd2c3e,2dad933cbd0df81314f1d41c09f5451172c7de6ea5c7b3670d1f6c81f8b09629,309,292
489942f3ec8564de970fe90e43613be724c1290880e32de6145c696bd5c7ced9,test,68,68,489942f3ec8564de970fe90e43613be724c1290880e32de6145c696bd5c7ced9,694ef53fcace902873155b36f5626d2a907120164b030baaf0be587351d9490e,7930cd7e2ae76901515c0b3c8232092939f3320bbdafc1e0cdb70bfae887e3a6,7c735ca11366735281a28d9581bdddaa5a921f770cdd8be73ba0ac4912c1564c,254,309
68837e42c52f4c18689b0e300bd62b90cef5a898b046a52d57a62d573f729b48,test,136,136,68837e42c52f4c18689b0e300bd62b90cef5a898b046a52d57a62d573f729b48,af91b6111add9c107936ba10ce745e8a7d79af1e4af75e2fa783cc7577e01324,98ae1db03e329430f955a887988d8e784d3b987786db4244c39e5812da6a0310,86ff3a2554de0a61c9473aaf9d6b37fafeef397fb434236424ac1a60479871d4,198,231
1006d93e6bd29862f2b2a21caaf0c1f92c626b2d792b980b0989d7d00d14307c,test,242,242,1006d93e6bd29862f2b2a21caaf0c1f92c626b2d792b980b0989d7d00d14307c,3aaf819806a041a7c69eb8d312b38fb3d431406bf0be6f45b5727aeb3fb5dc25,f74cc040efc52b4bad3aa4b33d5a5e01dc94ac37652f7c182e48cd8fc2885c94,2e54cc802271da738764bc3bca42d94d5f223a1912de62eb7cbe5f60b10b0f40,481,517
97bc7f9033135ac4de6c4738b63abcc8f4babf5b70d4ecda21755c25b0bd92d2,test,16,16,97bc7f9033135ac4de6c4738b63abcc8f4babf5b70d4ecda21755c25b0bd92d2,d3071fd57ad295d293d6fb795d6dfbfe9a7b0fbd5e9139d4ce2e1646668e3610,cd5dcef3bdf270be864a4564bc267110ee2a3a6c035db6cb88fd4f476195310d,802f054e52c8435f3f0f53d1baa0733ec688ee0c1d19e8ea2a80d1651e37e096,288,306
7cbb0b65b03a4e1a64190317aa3c6c117d1d06383dc53bb6c9da0018c07cd1f5,test,169,169,7cbb0b65b03a4e1a64190317aa3c6c117d1d06383dc53bb6c9da0018c07cd1f5,3b01128d8664ad2d7f1fb483ebfa01a4c332f43525f82719c04b65426d8d0a1d,26c8f9fed1081b39bffd3c2d67722e86270c2dab9bddee348eee748fe17c4328,a83b63873d6170d5cd54a553386fdc029730ad62b707e401229b20302aa68567,748,778
8a1b7c6abc0a32587106dfe4e4275deccb1f6f8af6d2af49dfe6f3675fe3bd91,test,357,357,8a1b7c6abc0a32587106dfe4e4275deccb1f6f8af6d2af49dfe6f3675fe3bd91,684b1e4a5efcb2b8e3a06525ec42395544bebc32154c9cb12de3be1ac0bbfc7b,3833eaef87f636507aaa122715651522ea40da90254a01d51a0ef4370b31558a,5ee9960242abea9ffe19e313d292fa711bdb0077a620610c130d5401568d592c,201,233
44e6cddfc260668947fcf7298505efc8e63a2aa42509ea796169ad736c2219cd,test,442,442,44e6cddfc260668947fcf7298505efc8e63a2aa42509ea796169ad736c2219cd,e6aa4df4b1ee85e2c42f0d1c302500cf484a2bc9f0f5754339cc07efe4f12e48,caa775959992a826c94aff9f4de447aab884060a8f9fc2e1eb03e21a656e645c,fff3b87501f4561d816517d6b74f0017b52d2130a55dfa0bcfba3af847f4ddb3,855,832
8ab96502df475156eb5acaa08cb25a89c2d5c7d3ba089e08863547f11b6011a8,test,23,23,8ab96502df475156eb5acaa08cb25a89c2d5c7d3ba089e08863547f11b6011a8,a72de039bf4dcea670f0c21e952ba43844a24b35120d63aa38a756ae0d7a4142,4fe5d0eda0121cb380d9bbeefb9e29258cfc54559d10b7e2f08a1be981327bff,d33a63f853917df7b4440b3fcb9bc8f316c3349a1fd5f8273735557c366bc607,286,263
ca40e41205cddfa4b2248e5545d619c38b360466e7d73dae095ae8059aa78c49,test,374,374,ca40e41205cddfa4b2248e5545d619c38b360466e7d73dae095ae8059aa78c49,018d5d8500d5ed0e95656e9ae8c6f9c7945d295f95e190571e84f909c75ea06f,d24115acff7a1f13ac61e9d0550c452325359797fe0d4c9454e1c18abff9cc92,2b7dd28238e8c47657595ba3381d56912bd183d59a988b184492ad5046aedf0f,178,208
7d0da8de79301dddb532d3272dc97f1e1b0dce2a1e34e62468af15b0570bff81,test,393,393,7d0da8de79301dddb532d3272dc97f1e1b0dce2a1e34e62468af15b0570bff81,4a7e829bd16899128d97f40c7cec8b6a10c459ecb3b735d4c07f46ebb6916a02,ac150828f6ebf2ec785a31abbcc56259591f849712180ae8311dcd131ea1b217,4f58f188fe826901803b83eab11b1e55326c24c096ce494cea64d4cc52d0157b,494,529
be32a0e990291299add15b6b099f366ae7c48ae9e940cc6cf24a004d4070b114,test,181,181,be32a0e990291299add15b6b099f366ae7c48ae9e940cc6cf24a004d4070b114,ba9283389008c5ec5e8948242016730d25f9d2c6f3e8e8b70644f5012b6eda00,80c55a9365c9d5b41e579e3589f18ae89b75b168036f9654cce691410a65b3b2,080a5837000e9dd86477a2bae9d17216a685bb38e750169aa572a259bdda05ff,582,571
3ab4b6ac27ab84296e1b637c592579d3a57403702b8547c9982e32bb415180a6,test,26,26,3ab4b6ac27ab84296e1b637c592579d3a57403702b8547c9982e32bb415180a6,71c97296b40fff5055ac4edc60db65324be10b08d76e8389602a037cf008c14a,0a59d24ecbf71919d0464812456f4156747eeac0242318f7d501312538c1250e,f18bfe8798692e894a577bf1f202cdaf1330f3df72d9f2e944b754621085b9b0,471,502
fa32965ea780b50179e37d1837096fb14dfe9480e5f806abea58c8250d9a2953,test,194,194,fa32965ea780b50179e37d1837096fb14dfe9480e5f806abea58c8250d9a2953,b35c6a92ec8b01a49d1899b995bebce6b4110f708b7ae92ba2a2d58a0e80b9c7,389162a656155c58ae8b4cb71d0a86083065f5efb81a4f2e8e48b323670122a0,a0cb6554d93c0442aa2f2065a0e5c6f74f45c1d1732b7cf2fedb979f4bd4c51b,379,404
41eb1ade2aa3a61ab0229fe796510b686faa6c3b0a408eb7caba757b5ae60037,test,38,38,41eb1ade2aa3a61ab0229fe796510b686faa6c3b0a408eb7caba757b5ae60037,6314ff5e96da0aa049acfeec7e2c3e8e049edfda50bf19b0ca884488dca5e8d7,e4f3d124f42ad0020a92b7092f47c9d16b956c7b3a1f4aee1b149bc7a82b0d54,5ca405b84c358cec65c6c108d205cad1c9d159c8a6c06b530a741da6cc459180,673,697
cc9d568f0388c2e3b002cb219e3cc1bf8505c518bae68d7bd3c72d29b7c21805,test,367,367,cc9d568f0388c2e3b002cb219e3cc1bf8505c518bae68d7bd3c72d29b7c21805,6fea0215466743bbde2c5ee22e19081ac27a1b7ec202b2fed4f003b19f555859,c33cfd8c9f8591fead90e140ddbdb80f5c4ba31ba773191b2571a51233d99dd5,9fc26b771b8691d65ebae982227c802638c8111dc5fc125f4d69f376fcc9eb03,372,422
bc9926666d15fb1970415e268d1c57f443d75a0a4f70901f2011c8c2ffc722e1,test,430,430,bc9926666d15fb1970415e268d1c57f443d75a0a4f70901f2011c8c2ffc722e1,e45e24c58bc707b47eb004a950315ac2aa1519d3eed4536bc36257acffb9e139,7fa1fe7458e37a95698bf93c2027e25560c623b1b37f3d634cf48ea42eb20aa7,7795d0ae54c9782c55821814b3ee4a01a67dcf8ff3ff3a9307d2a8165aa5482a,869,857
686e29209b7d01db892decfeb333e08f9a5a912bdee5226a57ce7ca38055499d,test,82,82,686e29209b7d01db892decfeb333e08f9a5a912bdee5226a57ce7ca38055499d,02d3648b45c40d26dc0d900153aacef9a479239f862d7a9a1a7df827e1bd43f4,a03736c3c9eeda9a3d4bf4c100356b8905e599e105f8a62c1f01d7ab54137ab6,552acf35c12f00c667b5c024a7f27c8a4f73640a3b54d97924afc4fa282ae1f6,554,526
9fc8deee1ce79f7ea452e07b2d5e7154609d5f1195d9d9daa1f53ca5e91edf85,test,7,7,9fc8deee1ce79f7ea452e07b2d5e7154609d5f1195d9d9daa1f53ca5e91edf85,7a658d429d7a992ff7f27ba2227fe4fcad3c291d46948ce9a302fd5eb4733225,31307e01dfff4f16392a2373435f4fc27fe048a2888920ef6bf1575f86e047ca,889f9653209f217aae5782e7186a878a9724994366cb1bc8e8916f4a4d066c81,742,741
b3a44ea3e1011df35df93e5675cc5126228100a90e40b7392a2c5b1248a6c171,test,451,451,b3a44ea3e1011df35df93e5675cc5126228100a90e40b7392a2c5b1248a6c171,69f415954960341ef6be2bb65a6f1dff294906346d67dc1728485d40fd7906d1,d79c70af6efac6035efeaf3e5ff82caf092810207c18cc7216a8ca23fd0e7d43,d12ba641df4e93317ea7574775eee51668715308f0adfff0ebf6c21e102a25be,301,341
bc563eed241b7cb4ff400fab5b4adde262bd3e431e60782a4556ccbebc94d93c,test,177,177,bc563eed241b7cb4ff400fab5b4adde262bd3e431e60782a4556ccbebc94d93c,eb71aa1eb5d20e75dd8c4762d6a76b554dd8cf5c0b6e63a46255aea24a26a944,3d610f0d0cbe83f302f3146a51e33fe7a94e91182e3823d0917e557eb9b63572,67270a35fa4ac7e6cb9beb77f6cc57ce03a0d36087259c7e1a6693db7b024f71,477,549
d0155a01131f0c14d0d492a617354d39c16f3533c92f73b501ed19a7ece2488d,test,364,364,d0155a01131f0c14d0d492a617354d39c16f3533c92f73b501ed19a7ece2488d,e9b4ce89a26369a89281f521772b1357d83b98cf491dc8d40cb76f6d4f850174,2cfb1c06f17e0c1aca211f1f3c4799483931d54aa9fe775eb3d5bd9b2f4fd971,3cc1db5424f6fb6e51b9b4bf557a3c4d7ed2c926bc88b8f42861e91bab670642,198,231
80e35df6c63386ed288f9936b164caaf1e7a0a111460e0a0a710b52e12539c0f,test,111,111,80e35df6c63386ed288f9936b164caaf1e7a0a111460e0a0a710b52e12539c0f,54aa0cd8fadb6c0569f41d08b1e5cd0d5593a2956fbfecc1febcecb988d8c4b9,9298dc9ff797916d92781e15e310a97d4b5e8abc0d20e89ac7dce3ecc7552542,dd3be8adaa135d5184f81b77f465ae73e7bf6293cb6febcea8dc0697b35e2f27,163,218
09b826298f044970135d8e4fb8c0604e90956fcc3362fd8bc418cab0a40f1dc2,test,479,479,09b826298f044970135d8e4fb8c0604e90956fcc3362fd8bc418cab0a40f1dc2,cf5a312532fa13f0dd7eb735e3497c48964651459e31eb5b65fab2c5bb5d8c51,a56e13e86ce6954561524527e007659de1c627e8301b1312bfae16edf337a3de,7f4ea9ae0a9db48123012ead5f54becfd3fefc36b6711448cfb345dc01d40eb2,483,477
3c7ebe24a72b54cefaf00195c7cb641d49f05657c31e87d15ff22084a1995789,test,52,52,3c7ebe24a72b54cefaf00195c7cb641d49f05657c31e87d15ff22084a1995789,f2b51e414a8536b4cc76ef07270e89079ea1d71367204ad13a53abe24a149ff2,16177727e9730b339bbe3f8ee1f94fcc5ffe879bfedf69bbebf1bd929b1a3c7e,a73a552bf0944ae80b3d0ea10345882f3518039984698448af8ac11d89925613,412,458
cd2aaa3dc6cfce54e3cd60e0e52222c5e4ed52259a34e00fe44f37849f795d11,test,259,259,cd2aaa3dc6cfce54e3cd60e0e52222c5e4ed52259a34e00fe44f37849f795d11,fa6af27583ea72271a27a0a8ecde7eaae1a71905dda7c18d7cf13dcee3cbef01,12680537bf408071aae9eda26ea9d9773893c905f45fe44ed795e7a47d612444,9e873aa027112ad976988135ce02969f9958a29ae200666c03e4ef02a69e2ccd,236,266
67ed65e31ab0fe3bbb9e334d4a1f9f00ce68348d54728b1c21953f2d5f3796b9,test,99,99,67ed65e31ab0fe3bbb9e334d4a1f9f00ce68348d54728b1c21953f2d5f3796b9,e906d27daf2f5e0ac08004e334bb35f1fa016c35040dcc72486030c1c76a635e,305fc5353758e08e688e016eac9d4f36ae6fc7a7f028b2531b0dadcbf9f02674,db3ef0a5fb5ab48a0090ed3554ba0ac462e0a47e401f202bacad363a970489e4,512,517
bcd69ac4fe0c7d9900c42812209a19576f7b141ac7e64cbbb66221600b7a89a4,test,239,239,bcd69ac4fe0c7d9900c42812209a19576f7b141ac7e64cbbb66221600b7a89a4,ec172311da6f06b8b965de127cf3a967de6962b4f8a5a8b2d95c7712291ba9d5,339c1b7b36dcfa57843850567f92ed332638aca50a9abfad4a0c7e917590ffda,f3ff93922090a784f2e5aa255505ab5646627dda8ecc74c648a48fae189e6a9e,815,850
138b4a67281c7f9d7b8bb9286ae9190c5df6e1ce8a18508b2411e33118563e73,test,391,391,138b4a67281c7f9d7b8bb9286ae9190c5df6e1ce8a18508b2411e33118563e73,0f207ebbf48fe5e5adc2dfa763091a88c06422f1e9b940b92cfa9a5bb55b3d63,19be699b26899c2808a6089fb05a274b0a2446d7d2940d1604eb69866927f2da,3434bbe9799e99c738e1c2b1b444b20566e13b12b4fa782b3bdf6c66e05e79ef,548,580
c037058d4dd1de3ea540a12d112058cc11f365574b74136e4f406de67b63f89b,test,400,400,c037058d4dd1de3ea540a12d112058cc11f365574b74136e4f406de67b63f89b,435fb65d4ee002a66d8484d5e211aa402aaebf094e67492b3beb50a73a373993,25a63ccaa1ae84a09c59df6de93347ff8d86bd433bfdabe4953cbdcb297302da,64857fdeddefd3ba8085f0f9fa1021a27fe94f5db4de3d3498e4b71cf975a8cc,283,319
57f3dd3937f097504bc86bf2be1c6a37cf477020164903300cca88563edff4c5,test,183,183,57f3dd3937f097504bc86bf2be1c6a37cf477020164903300cca88563edff4c5,c9719a716cc0ec7e29a760eae9f5d8b321ba69c450c3f96d1fc5517d116bba9e,2acac402ce4dda470b16590b204be0a5bc6177f16a340d75538a655fed1f826b,89f10562b55f1f92166ae3b7cd5ef21122517bc9ad50bb5ce255bcae6702fa10,565,556
6dec3033e8e2e198e4eda2bc91f1314d2a123a95645c9c7d4267ac5edea570b3,test,467,467,6dec3033e8e2e198e4eda2bc91f1314d2a123a95645c9c7d4267ac5edea570b3,30440d267bff3f2334fde04dc2a952cb378ff789617549f2da0a66839ec5fe8d,5749a37b8cc6899de3332a2aabce35f870031afb054acf06292baf73ff659f78,1d4c352e3d91cf47d3708ee0d4460c50760636e34e9d011e5f8e4686b2419da4,481,529
a27690d0f1ca1d48fcd6f64f3d77283d40a3e132da36b951614061ef477d9291,test,196,196,a27690d0f1ca1d48fcd6f64f3d77283d40a3e132da36b951614061ef477d9291,611bacf3993367985616f73da2bec035bfa6eb3aa389483788edc7ce1d47335b,7860453ce74a66a2cd8675a4cb441dbfd9b7ce943643756c74fa1bb8d75aeaca,1966fc9f7aa47ddfa8a451b9ce05da6b1273fde22f782c05347ee3b1f87b7b7e,162,213
25bc59aeb79c88b3bfb2ac70491ba831939cbb2aa930211ace9cc37551fde189,test,78,78,25bc59aeb79c88b3bfb2ac70491ba831939cbb2aa930211ace9cc37551fde189,33c9368c89b6d32adcd5ded267e22f9d4104813a85846b9f9c66a3ae75f0d5ac,96fc7c4de5abe22936eb89e261805b9e977b4cc4a96eeb57dd31a1c76184cb11,1e6589cc8624e9b1b199b97e8ce0a44664aef653a40b79a52dc39492d098cc96,187,216
1e97b1754c415839f3cab2478dc9f5620a90f7565f0ed9307215101ae16b9a39,test,13,13,1e97b1754c415839f3cab2478dc9f5620a90f7565f0ed9307215101ae16b9a39,037ff24fc7f636033e3c82c23e511eebdaabd31235eefccfa28624c11216d8f1,6e21f6f3fc0b390e37814343ddeb425ff975d30ee907af2ad6418781db526db7,bf3a9e60a302084f5f663af0713bf92b3499295766c9a894a08e3f8809c0d23b,329,374
60a87362e1173b80f72fbda94b4ba091fdfe1dc8455a95f7600534c351fb58f7,test,195,195,60a87362e1173b80f72fbda94b4ba091fdfe1dc8455a95f7600534c351fb58f7,479549e735ea89d52684716e739c60e5984fad2e4344d0b9d91a2c2aa77d830f,e49b55bd5333c8e699d1171bd31efc51c7a201535d1d86b7da836fd71702f586,0d90d26eb45d51642485ab7a034e3b63f95543a170eeb588e7065c88e68138f7,347,350
48aa5a5f81ae6ed8ae92066e7d1e7beeb61d9608134220e4ed579d18c130bc4d,test,103,103,48aa5a5f81ae6ed8ae92066e7d1e7beeb61d9608134220e4ed579d18c130bc4d,34260de87c2a39818f05e503a9eb109c676f511f4b7f634f5ab81ae3421e7fee,c4edc4297a75b90d0195fcc4742af4635f58450d6496ddf66379d4e9ddfe7219,1c4ef7a5a7522ff5180d7248b243f87a7fbdfe9b4195fcfd9842317f1885c987,284,315
5eced1cd3abeb3e2692bbf3eece94d3d0c9017c80e8a92913d714963b39a893e,test,225,225,5eced1cd3abeb3e2692bbf3eece94d3d0c9017c80e8a92913d714963b39a893e,e4b766ca718fcc8ed6d6a305c2f9ecf9d93a19bc7a5d71630dc3cbc3e775aebc,46bc122d43b1d17ee617dfe5f16eda6ef51579aa2b8121057b1058504e4fbc30,f81ce1aa800ca1b13f5818add7120c1d1098e3b61cc304fca69dc9a105f73937,275,312
29026cb24df60dabfa198577499416aec92f39f6c85fa1650b52366d4d5bec09,test,386,386,29026cb24df60dabfa198577499416aec92f39f6c85fa1650b52366d4d5bec09,1946adb774d4d9b005533bb1649f59ff825dbd2c9970a5a7170bab309c73be80,2633e0c060d52f026ff4632d506c42066a563ff8d214539c0430e12ccb45e2e0,41e45ad1e3736b7c21ae1167675235dd6be811e860b60de0ef5025809ef6b209,331,353
74f042ec11463ea9a2eb7073aef6b92f725526266747e182dcddffe164825a8f,test,366,366,74f042ec11463ea9a2eb7073aef6b92f725526266747e182dcddffe164825a8f,bc6edc9dc349a259d42a8590fd7d9ebfb06d4983b2431a14275cf6284c7b22e9,610368ee3668824475ce51f8d1887d5d5b532894ea2a4d365cbdb2e5f4868000,d87b087b3fdf33a8b33a11e7c0de900254b93d1d73cc08cb32c13fb871426dd4,398,448
49a7e7a7da71b5f54c0fb1641ff0651e2237121e7fdccfb9efb56c818b22ee9d,test,159,159,49a7e7a7da71b5f54c0fb1641ff0651e2237121e7fdccfb9efb56c818b22ee9d,9f31286aea2cfa56932b545137b89155d95e771ba0ad9ae1425d26e7c7210449,c774c07f89316f3816bc5abcd25e747a796eaeacd575e4305604a6cc06735fe9,2f39782ce6d864ac17fe1bfcdf22a033406ce0178f4204b54ed86ecc13e4eb57,260,306
4333a315d74b95fb5f097030a3a25899f6ceeeec8f3bce0f1d3452579400d8c5,test,211,211,4333a315d74b95fb5f097030a3a25899f6ceeeec8f3bce0f1d3452579400d8c5,e58872c7765b52ff1e6f36a44a8e2a3eb71dc11b221a27ab5440ca236bf53341,22785d522a78686edd0f47f7dbce84217bd3186eaf6f19b8332b4291c0aa6821,a9f5a3b19ce1ff7f47edf07be90e9aa9242e9d605655a2258c6f695ee4e520ff,184,203
9905d18da9d1cf31b78fed4844988fc28190c8b82e640bae5beb7d71bf09a4ad,test,359,359,9905d18da9d1cf31b78fed4844988fc28190c8b82e640bae5beb7d71bf09a4ad,c7ea48d461b021ae121219ddc5610049adfa0153ec2c1c5bbbbeef2ad7ef3bcc,58d644e95fc890c89dd78171d31fc8b901dbe441cde57f90a2e0df8769195617,09e40f1d99dad1362fe9a9f1fd79ee4ce066b50d157a4e9846442ecea40a297c,414,422
553f6c74390e60edd42b2f6729a1141b2e3daf046eb7b54c9ec394497a3ed367,test,238,238,553f6c74390e60edd42b2f6729a1141b2e3daf046eb7b54c9ec394497a3ed367,0bfce8e293fd76e2ac0f3b7a9aa6241b9e536a108f822cace6359f125384d2ce,0ae4cad333b8a667a9ddc0b236eae004269edb65215f82b5dfefd8e937abbe39,b3d693ff4a232446c90db3c6db7caa2efbaa6c6ac7bd971952d3fe0573652c09,549,657
6e9926eccdc1544f5eea7d2ebcfad739a5f1d9096be0214ff020d21565eda8c7,test,344,344,6e9926eccdc1544f5eea7d2ebcfad739a5f1d9096be0214ff020d21565eda8c7,a7587059080eb8de8f329ff8c1d4956983338b55564348f25b62094676aa2ecb,6ad56639970fa558fe74466c6db3e034443c44f2040907031b274583dd827bcf,fe22f65a460dbb90abf7fd75c95f564b5ec746596a9bb7e157463a01a7aaf670,679,720
9f692a07c6f246219f72d5fa550df3af1a7038942bec1607dcd17f304d49214c,test,360,360,9f692a07c6f246219f72d5fa550df3af1a7038942bec1607dcd17f304d49214c,1247941e66802dff2137a16476e3528df37484ad29e38e6725cc999c6d358a93,88474937db4aa5e00aaf136523e3e8987396137dd2eceb6d038a374ecf9fbdff,4b968e82f358c1b6ec7cd3ff5f1a84f5870640d41731c513771fda79953e0bbc,301,358
6188bf3013d76114d0c62753d8a8c6a3be1d44dfa5cf9d51624192c6935a8a27,test,206,206,6188bf3013d76114d0c62753d8a8c6a3be1d44dfa5cf9d51624192c6935a8a27,92c265fc656de9156ae5e45e58c2cf07f5857460f51faff5dbebf7032ff047df,333db1a5b48238ae4341fa792323f095a8c4a736458589b344e96268e17fb514,8265bb22ab64e7ed2bbd5d8b43834aa3d6fd2678ce9c80d9309d69daf8ff57f2,200,238
95b8d8ab35a5b827aee265290150402a3b86bdd733fc07c314c26f3313faabec,test,193,193,95b8d8ab35a5b827aee265290150402a3b86bdd733fc07c314c26f3313faabec,4191fbc7fca05d11009e03e554934dd7104e9f446faa64d0a58226d2d905a5ef,c1586980464865eda58e0ad9a1a957f52751215409c87d710ca7d496e985be54,9db450d352b674b8fad28f8d04d49a0e8d8ab50877b61a65f6ce4de948018f43,389,431
547c197e8be14198f8470add40afd840e6f59d794902e339431fe4c73d2f5f9a,test,168,168,547c197e8be14198f8470add40afd840e6f59d794902e339431fe4c73d2f5f9a,523f3c805b47dfc706e95a01b3630f4f8e2f58cfe8677794ca35b32b7aeff0dc,def2fc082a6c4ea86ddffa2cbafdae5d85f6f4f97534169db6c9657f3aaf1030,3e9a799b1c7b84825b5c67ad960fc673bcfddfcb07f9987fe5d260df32e9549a,304,331
3d78e7a3d3eb449dcdf66f30075a9a4a35360b84355d54a86ea0d2b34fd3f4c3,test,202,202,3d78e7a3d3eb449dcdf66f30075a9a4a35360b84355d54a86ea0d2b34fd3f4c3,98b59325c13c2db13024867715d5ddc9e26ab28af8293ac37355a852cb5114d9,b1f4f077f2b565af8354a2fa92d18a7eff961a5bccb2b8098771bd0fe2e36f0b,13c0da572b38d4d633f7fe6ebd8b5622735cbb95f58440dfe7538dae241d7df3,332,362
12a1bc99fc3e185200219a99c3b05c2ac365d1d1db4dbe77b6b236cd2f51cc16,test,320,320,12a1bc99fc3e185200219a99c3b05c2ac365d1d1db4dbe77b6b236cd2f51cc16,a744b3bd92c6803afa96429492f629d4d3e75eb0843684fbcb19f54a13f58cd6,def19571beea3225d026d398d8768911b482fecd4313a2ddb97006b4d058ce9f,6dea3ae9be18a198e18031f6a0d5876db70bdd3d550a018e696ac32c387ccce2,399,449
96b34aa6f50d84943d34ec37082d5789ffb4f3a93cd43f7e2bc9c2fc5df24d51,test,416,416,96b34aa6f50d84943d34ec37082d5789ffb4f3a93cd43f7e2bc9c2fc5df24d51,49d7f4bdc8bc7e4ae311684925c9c815630b4d09a30ec623755abe7ae31fb7cf,06fc7a91d6a98ccc84c030a2ecedfb8c2570862a7ef49ec28c5adce291f84953,d09b84c48ba5a0ce8d46659dc7a30a94beb87d509efb316efc428ac6e1ed57eb,220,264
fef862bc3edf20a63a22733f123c94da0feaf6b0de3c8e1dea0bf392ffda0891,test,440,440,fef862bc3edf20a63a22733f123c94da0feaf6b0de3c8e1dea0bf392ffda0891,0a299150bec9be68d4e10e9c88fdcb8feb0b29f4077b564639fd2d5652d89dcb,e308b4f646c1afd32832ed955772d52f14c6772a631f8673f27741dfc9ea3c88,28d831463460f01ee47a1d505510a3a62a04b3d9b201d0d08be08136bf3bbbed,208,227
31b8fe69e0ca0dc31c8b852bf332132b309c41054a17f687b7cc307fecd551e4,test,205,205,31b8fe69e0ca0dc31c8b852bf332132b309c41054a17f687b7cc307fecd551e4,5f394138f068263753d3ff0c5abbec1ab4e2fdec2e5314ce0a30cadf8f34c4db,4ccfc747127fb5ca568a52cff956bc8e096385c80f9aca9be28195e5b5a6f0a8,d27394679e0296884da1d167f448b1744270cac4c122d6c460697cadd6c6f1f6,727,708
240f0372427aeaca9df9d145a4f9ac76d7b8f88a442f3eca1874a7aab537b845,test,209,209,240f0372427aeaca9df9d145a4f9ac76d7b8f88a442f3eca1874a7aab537b845,9cf8aeb9f5a8ab7dd2d81e1d51d45b921ef96fa78314c065c4060051fc1840f4,844e01ce030dd7313ca81c27a3c1a42c3d7f0a0be3b59f32119722b38bb6f651,50fdb57dae3ca08a2b1e6f8471bcdd6812efd7ca84e9a0480c9c2e3914404198,571,583
bf3115765316c5fe534de5fdb42be1a356164ae8f78d4522adb6b3539958f973,test,84,84,bf3115765316c5fe534de5fdb42be1a356164ae8f78d4522adb6b3539958f973,0a896919b38ed06fafea168a4f63eba68c7e3cc6f4481518b29770eaa0b0805e,2ca8a402142d88ddccf09ee427c5dd205724980dbf9efd06f3aa8a9d7046bdb3,f369df974cefbcc59c63bf0fad607627d807ecba4bebc188f430caa8a1947578,361,381
8bc61d4c4413697c42cca218457844ad51f7f669d29c01eba8c5d0669c8ae2b1,test,478,478,8bc61d4c4413697c42cca218457844ad51f7f669d29c01eba8c5d0669c8ae2b1,5d2076bc1d2b1e5822a19a43cc54acd4b200409f81def6dec2cec68899ea4064,3ba925485fc4a7fb5339325a966b0441d42d180237e962f8eb6c30268741f2e4,1abbf026d20080d1570b705a2498c3734d096c3528415caaf0383b9c1dd34046,294,335
3e2ee1140e25198f7d8c7e44690e97963801e57de9cd3690989515b9e67dd376,test,424,424,3e2ee1140e25198f7d8c7e44690e97963801e57de9cd3690989515b9e67dd376,1faccc7874da42c5e9b5cb69c406eaf7442b8ac9f03fc579428529c225c95a78,12bffe56345dab7e493796292beb2ef21cb5306d261422ac3edfc36371e14233,bb9eed636bfb2a729386488778545931132649cd949e9cc82c417e78ef24454d,186,228
13d4f39ececd64a2a74568c7a3d12621b4fe78b3e43940933a915114ab4f995c,test,217,217,13d4f39ececd64a2a74568c7a3d12621b4fe78b3e43940933a915114ab4f995c,ec03602c9a2b149ced1d906b405b91afa3cc64f19b08d3cc76e96add20824e52,ed40bdb85fe5f90e432eeca72a8a06f5ed62e54c0416d247d184821876062bde,18156f839fe80688f939f49514035d8779c0d6639193d7ecf457735ef6d92015,539,536
fc645b748b6e57a42eb5887cac79a656e1da6b484bf8d42ae8277aa647a768c9,test,373,373,fc645b748b6e57a42eb5887cac79a656e1da6b484bf8d42ae8277aa647a768c9,ea1f81f330ba458d91c8be45e8c66b2b4ed707fcc2a634f4995a94759f645b74,79d1ea9f0f46ebe2c525ed089b90dba4b0770dd531a72fcb117a8ff000d59603,a906b0a4a4de1a52ffdd1471d493845f5ba9ea0fb28c771e539f77611e82d081,684,735
341991b468b675f9059b61f3e10fc7ff8846884b83a539c7cd8758926512ae58,test,306,306,341991b468b675f9059b61f3e10fc7ff8846884b83a539c7cd8758926512ae58,5e6e961bca9efc84539d53e5e18ad33cdd6a15eb795d6dece62a67c6e4feb70e,f50188b1fd90b572eb6386e03871710dd370fb0e2bbaecd892fa2c2a3d2a9e12,88cdc4d4883727b7b8783b5a4acf4cbfdf4d6811604e42ca41735bf6b64a24ba,286,330
a7d0d2d358761623c5b8b15bb00f22a91b023679a2547b7e70334a520cec3660,test,361,361,a7d0d2d358761623c5b8b15bb00f22a91b023679a2547b7e70334a520cec3660,ac15337de9b3b01a20519e7e7268b6ad0f709d33681f452e347ffad9e7dd3ddd,54a9c64332f9a4b39f366d2c674926e37b8fd0d49972e059ab2536d38bacf44a,22ddd6b8ca8ca5fde55681a6b940d41d56e0ec91faf92d9733278febcabcdc0b,387,391
9c99e79a50a80d18848e9022feb33074a5ec533d27cb05061ea16ff61c8e90b6,test,31,31,9c99e79a50a80d18848e9022feb33074a5ec533d27cb05061ea16ff61c8e90b6,8faab902fc66fcf9adc3f2f10a94c90677cf923c017283f581789c527e8f6638,34b5b18f3f102a35d3c8ce880d3db899a535533a9e0fa61d2770d9290ea9cafa,21ed0b0ed4c65f76e2a237ba735810f4ae061477dc93502545ee53426d8e6ca2,235,281
995b2e2ee727a2ffe35b5f054c0415d6ac73f95e3f0304c18f6251f7f5f2ccd0,test,396,396,995b2e2ee727a2ffe35b5f054c0415d6ac73f95e3f0304c18f6251f7f5f2ccd0,045c0b9872a7f63be612518a89dc5ff874176bcf5ac7dc932a42393ff4e94a0b,59b7f5390c1442416feb3a5f22381a5c9c0ea649b5672a06a5f2ad28e6b1e27f,889e66eda884761e1740cf2f93969c0d50431673ec1ad075bcbec4cde555cb08,145,180
83958129862468c03d4605217e59adf803f27a35d29d295f574d6e6053320c83,test,213,213,83958129862468c03d4605217e59adf803f27a35d29d295f574d6e6053320c83,71008fc431a4264edb320ebd83df8bb997076bea95fa26dc897a72b8408d0d02,3c28b16c281d2c62b898b0acb08b443efbff08b5d1aaa2bb6e33b46a5e995c49,df54e29556ada955cdaeb38053fe14face957b770426654eca60f8dae75b19b5,206,265
9a4f853a6cb5b8d68fd48db3dbd05c80444e2c4a095c3099c626a3a54a7e0d08,test,50,50,9a4f853a6cb5b8d68fd48db3dbd05c80444e2c4a095c3099c626a3a54a7e0d08,9a302b515d984d87120398094eb5406c5670c6aedaf952d22482d2b34dc4bef6,a05b08d7d6f915553ceb670e82181fcbc62fe382e890674d281296e0ec1b255d,f889b6f3d0fb77221265a6f21eccee1f90148387c307207f10bb19edbdf9f70a,752,738
c86709823f0babd042e04334596b840d5a4fcfde0d3f50dfd40fd1de599105ae,test,413,413,c86709823f0babd042e04334596b840d5a4fcfde0d3f50dfd40fd1de599105ae,4a29bdabe13c2f96e26a783be783625b76a7ccf65dc51aa4ffcb0b15289a1302,3e600e5b97f3c53ea8ce4d612d7e32672b721d8449371ef6ac7ef8808a0a2e45,8775ba28cc0d23f517402ab439fc41a0e8bdeda335849a80cbbedb542a5e4579,300,325
d78329e2c62552b44e7ee6d6a87e3185101658834b8f7b23c9e1e6ac4745eaf0,test,58,58,d78329e2c62552b44e7ee6d6a87e3185101658834b8f7b23c9e1e6ac4745eaf0,89e09cd24a27cd32e98f4c773017c4f82420a9e5dce6a760ca5b044ebcad84ec,e8ea49317dd365a81037ff70a9e09a6874cc9d0b09f1bea7afedf158b819c300,bfe580d15f1aef95660c05cc6f9a1b1c9625a7e1a6a5bcaa05c523f35fda1d27,242,307
b10bef63cba72a02de810740b517af4a29e3da83a07f140070e59c6de65c4fbe,test,435,435,b10bef63cba72a02de810740b517af4a29e3da83a07f140070e59c6de65c4fbe,8b3266a6db384cb424865de5d800ffb6e6317da307121717c315074be27e570c,872e3e9eddab629ac2a6fc9f0e33607286aaf013cc3a986b930bb5b8c894abca,ef5b5889944470a5a3f976671445d873f2e37c57c3d40bc2b0410923a0f10a71,455,477
77b2a93e17f53e9f9a055b2e7a8397b7aceb0245142d916c539884d189901937,test,116,116,77b2a93e17f53e9f9a055b2e7a8397b7aceb0245142d916c539884d189901937,04de2dc66a849458224018fa077c9e56a6af8627089058e00f9e6201af6f955a,5cc1fce0e45754f9c1a3e2ad3b2f0366f8e85c277dda834708a2b156f302fff9,5a52513ddae3b5077701138587deffc0619101b03424f049cdbd45fa632804fb,257,292
695d4caef48acb8c656f8a42ead83fa084c8a541ef9751c7d4e586c3221e535c,test,446,446,695d4caef48acb8c656f8a42ead83fa084c8a541ef9751c7d4e586c3221e535c,6d26e9f38e6fabfdf5f3b53d11aa2a03f9c9815572f294e0a7125990e1522113,06b48e23763c40c189aaf73a0e5bc90e8eb537bf5c12e6cdf405e7fafb844c36,cdd878c04eb24ddc1cce811f81681bfb08a2191c5f63287045e1b2b71ffb4c30,826,783
d03860bfa1f2b070ae7d514e5fcb7774cea65f1a87c7acc3b9bb746e1741c997,test,62,62,d03860bfa1f2b070ae7d514e5fcb7774cea65f1a87c7acc3b9bb746e1741c997,50fe326403d77f93b64f85d711a5a51e9c61e69ce7b33fb40297f48b90655323,568f69b4692e5d152785c193f5d22e1ed2fed64cff0dc72270d3fad03da47d86,b1c21c24c2f9ea80190c4f06ff8ed6c3efb63a51a80f01dcb7c90d849732f5c8,427,477
4b528097b550fbf065af5ac875f657aa8442d2652bb28ea253fd2a34b6c9b546,test,274,274,4b528097b550fbf065af5ac875f657aa8442d2652bb28ea253fd2a34b6c9b546,355762e829cca8439aa30dd7ec64140edd75e3bd7c93bba09339a3f6b4fd77e9,f9b26eb7f5529e5e259fb94371013714ac252d02dec3110a6b0378409121ad48,103183ecf0aecd5bc2537e3d69c7bd0d5ca9e984bfaa42149693e55eefccf9b9,475,440
e9899d7742c18a4623b7d295367d10efcf854ee48c41d7a73d5193157e9aa862,test,158,158,e9899d7742c18a4623b7d295367d10efcf854ee48c41d7a73d5193157e9aa862,e42328104bf6e005b79451c9eec3bcf6d2b3306fd2210eb98ba5ee2312f1976c,e63c402e44b75ddc6a865bbb7dbb57cd364338529c6f83b1392f804dd38141b5,991058694b66161dffdbff7316647adbda0b6b953ed07a608eb0a62156b987c7,177,236
a263a2710f29db03e5f3a3ab7bd55edd513764e1f06216e586361baca93e38ef,test,178,178,a263a2710f29db03e5f3a3ab7bd55edd513764e1f06216e586361baca93e38ef,e9f3029b104ab6cb0959e4d72d4901c190f072af389dc5da4dc3768e9bd0041f,b0a285c807c6267e0767f0c2081eaa67650c69cda7cedf0c5696903731f0c145,63caadc63353fb8ce6026f1dbc77512e8dcd44cb79137a0ef8bb372d91fa56b0,378,438
74722860c9d3f2f57ace77306e6b5147b445163aec6f016959c19114d982d9b0,test,371,371,74722860c9d3f2f57ace77306e6b5147b445163aec6f016959c19114d982d9b0,c833e9b523b3ea7e6c5ff9d460f00e4f2ae0d6d2646c3a228b9db77ca401f01e,d02b0f5635e0720a11cbcce3a21c1474382ca5f55b3ec611130a92b50985ffbb,05673931edc12893ed401eeb7a86f18d00aeb1fcfb807ea4e3f9ff4dde1a4216,222,260
085f399d72f42b5d65b8f642ff07b673297edf7144f0f07a0d00dcda73736817,test,419,419,085f399d72f42b5d65b8f642ff07b673297edf7144f0f07a0d00dcda73736817,117265f7499443b2785a7ff77b3b2bfc7a33e203fa18c19080ef3ef88915f4d4,33f6879603367b6b55e86c85304ab5f0120d1df43aee71d2ec49411e29e754ab,e9ab82d0effbfbcfdee8a74ba0b000b0b0511c8d45851a21b916b0d77f18e90f,700,722
34ec0ebe9fc68412e2fef4a3ccd2e17435a8c1d8adcecc2c551455d0852553df,test,56,56,34ec0ebe9fc68412e2fef4a3ccd2e17435a8c1d8adcecc2c551455d0852553df,850581e4636b0f164463be6276bd4a3c5cdf82c3fa6485bb578f38fe66553330,ee674bd0078620ecf9a5e7d46a9fa61c49e46d9dd28c82f6da4e95fbb22d4f70,ca4677c070db470a5aeb21239d6f9dbccf196417fb337061808f468300a901d3,894,880
91b5c2788a295aca22ee16af3edccd094b3487630414a17fdb7cf8d22628e05f,test,212,212,91b5c2788a295aca22ee16af3edccd094b3487630414a17fdb7cf8d22628e05f,a29555fdca072828fd06b8ec9306bcfd8ca7725e86db0541d971057dd5e814f5,93adcef18553ff2cf9a68ae2f41b090905b21b74d7d0b7eee3b039f7cc2d24d5,29c41288bf4bca881cff9381469f84102e8fb84b57f3e65483bdf808a7e3759f,257,279
85aebb2baf27cf87a1c8a27d49669ecbf572f734675db981d1ef332aef632d54,test,255,255,85aebb2baf27cf87a1c8a27d49669ecbf572f734675db981d1ef332aef632d54,cd9c5a827cb2ac3b2b46a22de8cd01fef207a513e32b635f2adcd95c65d8271b,6fb30b8386089c2706dc904129eae08314c2290009f5b55d17d20c276db6a43c,072a2b7724bc3da0817501957383f36c1d1e58d7ae6085dc9b5ce709039aec0f,194,240
77a351763840a4c02a92375e89807b7be327295be18b802eb5b04b828958858c,test,305,305,77a351763840a4c02a92375e89807b7be327295be18b802eb5b04b828958858c,5cbff32dc58efbf02a60f78449c64f54c7ad4543edf043ff63c9eb013a77c8e7,0b8b0b8cf4e95a527ff6cd5c832176c9928d45fcf9d1a56293d4b4e3bb30e683,051206dd22f11895b2fe39a98f64a93c3473592946f3723f85b60f42a1af994f,600,626
8aca10548821f4270de9ecb0595b441c716834406eb5b4feda2a79f03bddfcfa,test,474,474,8aca10548821f4270de9ecb0595b441c716834406eb5b4feda2a79f03bddfcfa,dac9f3af7b8af293f873a6cdbc4f956a523dc1501edbb5daeb76204182133663,220e2721898c7ae95b52cb7d64e6926510f0bf1e3cc9b8ad9888b3225d349b50,25a5c151f1e8fd9b18c1862cb250dd9d4c3322fbbc94b0a54bf63a7a0c65450a,331,340
2583d1278a73b8186dede92fb9fbf157a8d8769e106302a6916eb48792356c3e,test,191,191,2583d1278a73b8186dede92fb9fbf157a8d8769e106302a6916eb48792356c3e,4cb4ff3c67664ff6439ea234a57f9f0c85c568b2adfe6517ac588446657dd7e1,c7613799ebefbf45a6aea05baafa15502adbc666b4261a0b7a71ec8d6f5add4d,ae55d70691a1afbaf5f23dccecad7ea2bb7625f3c5a51f0064fb64fc23b9dd98,222,275
c66967074b88ef0110bbeabb6cc0799815ccb3982e18fef5c05295e2a7d83794,test,102,102,c66967074b88ef0110bbeabb6cc0799815ccb3982e18fef5c05295e2a7d83794,550b63b51b7acaa0a6aebbeee4bef5e854b5948bd9e3d8766be913185acb9c82,c74a7af2259beda648bb975566bdcfd17c0fbdb448ccfefc2ae8e7ee298cf96b,dc43c7f7ede09f74bde3d2a7c567e13ac71a2386f76e962e2fd20f68f633120a,202,244
01fd904a519497805434f8ab272213554417fc2b40f7e2a7b48fdf8453aa2ebc,test,321,321,01fd904a519497805434f8ab272213554417fc2b40f7e2a7b48fdf8453aa2ebc,db3e159db72c0370cfb9d36afbaee8c890a21109b897e759975c24782c27ba65,a9be35836a752f68a08f7eff5649a4f8ce25a3a7e1a2d0aa39af94eb92c6b8c6,a6ea3663ef42c00a585f3b1fe6fe4875a2c46c049d65fab351ae2d48b5143245,244,270
3c8732d50a030d603430bf69c14c4ddefa3c67f3737f2e372de7df99723f1ad7,test,465,465,3c8732d50a030d603430bf69c14c4ddefa3c67f3737f2e372de7df99723f1ad7,06900fcfc5b13369fbe04152361fa7ffa9ee310bc4101ec7a97aa90fd04f9d1f,a4a1d84ee8bc558ad5e9cfb027a736c95317e1c3176124c23bd9918961e2925e,72b6d482b7d44481983d26714990f5bafd1992eedf3153c708dc3c06cd14d1b8,524,571
2e5c800c9650f506b200f78fb664612274af2e83a60f54460e1b252e942ba511,test,447,447,2e5c800c9650f506b200f78fb664612274af2e83a60f54460e1b252e942ba511,8cc89b52c8e8c5e30640ce649d6a8f922db1607057e1d3b2e061008c86fedbae,df4ead90804cafe902ba5c830d18003df0f2f2e1e5b1d4a9089f2c7990ccd241,ec8316d8823baf918da1f7cf55e49d0db0e15b5fdda44ebd513e7e5e2e90367f,489,562
5daef83040ef65eea5075bef07a8da3721eb23bb77c0a39a67d4122e665a9a49,test,340,340,5daef83040ef65eea5075bef07a8da3721eb23bb77c0a39a67d4122e665a9a49,be32feb5cdf58572480150611c5f8cb350e453b96c460aaa16bbdacb60732a72,e2e2308144891e4fee5d0b958d476c1f8ca21ce24ffdf3317ce8338b4a72cfe8,260d467f32685990c35f1ed21599e95a30a2f56d3f7b7865728d31bedec0cf8d,446,439
56d547d95202be87588693e92b054a1d7f6250e9e4a1b616bc7d876056f0516a,test,35,35,56d547d95202be87588693e92b054a1d7f6250e9e4a1b616bc7d876056f0516a,d18dacbe2108e95efb959571313fdb872371231c546d5d47a710ed653f495d02,342a30783918bfb24d28da1ddbf071e76bc814f61f5200c91813e3af65a4411a,794e0d953f84b664362adb144b6e36d76345b2099d609bccaf9983d5a5fcf2d9,519,520
83a229f2229efa250bfa9bcbf753f7bdd59d962c5258f2f9b16d85ace44034e1,test,234,234,83a229f2229efa250bfa9bcbf753f7bdd59d962c5258f2f9b16d85ace44034e1,6e8a5cafcbbbf0b42c6e4573f2f04ef853b43483aebff250a9111ad63e5469d0,641b6f846ade073415af37939e48fec613e1f42089fb585390a24a09bb44f3c3,4f1a12b14dcbbd076d16a0e1ceee50514dc1ba07def797d167cf792d5fba8fa0,353,357
ab5b0bcf532ae609b0970291226e74a339f18f95e5451b47ce1cb54a97e0fcad,test,411,411,ab5b0bcf532ae609b0970291226e74a339f18f95e5451b47ce1cb54a97e0fcad,5f6ba96652a434b2723086bb9e5a824d107d95cd1691c4a7a554c3656db01dac,e1e6867d188fb426a55e50840530830ea59b9498eb4282b94ede9800566dda0e,91274de4652906dc896f6cc8a844cdc0c7ab40c0ad8b7d6d7d22f7bda5010571,679,651
c918136dec8aa83d5a37fd1c8efc32204881b0ba55a4c5c669f008065928d826,test,448,448,c918136dec8aa83d5a37fd1c8efc32204881b0ba55a4c5c669f008065928d826,fd9255ac3a7b19a83aaaeb2e44e7278c287c77a65717b1ef3d18ad96996790c9,1ca7e033a38d8b00a50724671dca26f2102deefdf15441975a4b7566a4293fbe,f37b1b27bd3b3cd5a68f6f31deb15bff5a8f5e016cd9287f8e868e9783f07310,221,260
36e0ecb7c036883db6000025e77d0a4f170ddca8c48cfc893a4b207e52bbbce7,test,468,468,36e0ecb7c036883db6000025e77d0a4f170ddca8c48cfc893a4b207e52bbbce7,1567eb4ced66d00227a31bf3e45e8b9c9614785ac1127a111fb67b822f41861d,4b2570acc09c7e9121b5866052ffd53479abddc014d251a664ca4d0ce6c7b2b9,4899d01f7ef61356baafd12e7c0210a12bd57d96b614ec28d3c8e3a0ad1ff44c,430,431
5a03e322b9988cfee7157b35ba350d3392417bb4ed794686f75f3fbb28c9eff5,test,129,129,5a03e322b9988cfee7157b35ba350d3392417bb4ed794686f75f3fbb28c9eff5,0334ba7d33c7f7c9edcd07b1bb3e8616871bd9ad8f6e1d32205d418c36cce2a8,e692d2717de71c0f73784542967ff8d6379564798f734bfc62def5ad1ede412c,0f4468c482cfd5c682e8dd53683baced4632f1e52313582421b40d6e8c1d8e9c,762,729
ccf8c270e74a525ab421ded7ac1c0a95e9fd19d30a6befb8ac402e6d55926d34,test,289,289,ccf8c270e74a525ab421ded7ac1c0a95e9fd19d30a6befb8ac402e6d55926d34,b17e004d83164c6e94a0336e71ad93226e2a6048a86ef9b8fe15f41bac8e976c,6c2371dc770d03e281dd0a43424d5b75631afd190b86cfb7876f26f2af851f51,8747566a848532e7aa45592f9cf56b9f847bdaf079b0a0868b46cd9c65e80999,797,825
c93c2fd5078369801e768924012450f0144125e399459a591d44131c1f02a1c1,test,231,231,c93c2fd5078369801e768924012450f0144125e399459a591d44131c1f02a1c1,08d994016f1a9a40db7fdf50f507f1ee80878151c9976fff5eab8562d4b066b3,8563cabee0d10f4bc780b27028276d7f89c77aaebfc82b27702b2da999ee1bf3,2fa357ea958589551f76bee0785461db5ff80de777a6731ef9eb152d44991393,194,249
01dc962024406ba32eb6263cda06d300ac87747cbf1023fab6cbc6a9cb79df79,test,270,270,01dc962024406ba32eb6263cda06d300ac87747cbf1023fab6cbc6a9cb79df79,65285d0590af879bc9473576bcb09845514b647e80d7a4caa0b67af01571f164,aad91bf8cdba26ed7e56a2ac48cf08242a4a2ebb5e4248ffb5b50f2d7ca705fc,1721994985ce3124a1ce0f450a214a8590762d49dbf0b9c56af3f836a87270aa,777,729
6569d96885405a8100b2c2ce3c9cd5bdf9e7cb1da1d3b9f155a118535622bfb3,test,123,123,6569d96885405a8100b2c2ce3c9cd5bdf9e7cb1da1d3b9f155a118535622bfb3,e5b2e08ddd07e89657476d3ccb4af53801001a7d6417d9cc64189807643ce95b,5cb0d8b80f4ee7f34ba20cf96c0198e17639da1d25c7efbf805e384ecdfe3daf,3658191fa017c61fba9184038b8caf2e43539bd10a4da707e66bf22feff2294d,324,324
c3742edb67260c002cfdd5a762103b6a63900c4e9008c0aec8696a47632d7383,test,251,251,c3742edb67260c002cfdd5a762103b6a63900c4e9008c0aec8696a47632d7383,01c38082ed937facf0d2348880dadf3e5c372880f3c18bc705abe5793a082571,2c488a873dc29afdb4fd8d985f2c793f7a9c224d6ced0e4032a1e55383f0b1b6,3526cda1d31c2860eed10c6f618519001cff53ba5ba28c2037a0c6e7251e7773,312,320
f8b491c27260091f1670c7f802c6d318f89d6dff2aad40d36d8ae77d49c66120,test,175,175,f8b491c27260091f1670c7f802c6d318f89d6dff2aad40d36d8ae77d49c66120,12bf5acbbf4c36ad6bdca41737e69804bd13a769daa03cb3241c5d6bf9001bb9,88fc57b15ecb603dd1302114e17f531f48d817f8a3dd07345bfd4dd55b154a1a,b10208cec4797e53d0e650d925e1694e73ae25947b474b17fdf679a47f0e92d1,610,639
e7aef46cd5fc017cb711e16efdf8f4f6f4c7d16d3df07a1cfd029f7080e72b04,test,24,24,e7aef46cd5fc017cb711e16efdf8f4f6f4c7d16d3df07a1cfd029f7080e72b04,f96240e018d6525654e67c7f3bafdd9ada8d2da53b39080de8ad3a7ec02d3f0e,57462e041bc7fc0ee97b5816f4387eb78cad36ec72273cc8a61da9d3cf713dea,1776f42a63e1c2697d6abf0d165f6f276135418ef76eb64585e1f0f131c7936d,449,419
417467aef226adabab39e28473e6ecad4b6c79f3142363502c2208b75e5f97cb,test,69,69,417467aef226adabab39e28473e6ecad4b6c79f3142363502c2208b75e5f97cb,3622e9ab4ab334cce5a87ab246c1d1144e18515c31fac275e5d0d84f0b617ba0,c5e9680436686c63046030ea3a279ffd7ae9ce7eaa521765f686a1a4f24e6f8c,52ffd55eb48e3c8024c24e07aa3a33b526b5f4bf30d1249ab516f1a3f7c2695e,205,225
a26b21547b6ae929b5745b0af79c2089d410c041d1dd73fe7c11295f8d7f5924,test,210,210,a26b21547b6ae929b5745b0af79c2089d410c041d1dd73fe7c11295f8d7f5924,775d6741f8bc984f6dcd16141862904a5e1d6cdba84839915e526fd9149b32f3,9cda9f08bb7eee9ad3208fdc577055dceec1547781c88ba9a693a96e8dfd7a87,cbd01ba5a3c46006ac10f30b4576063dae1d579ffef532bf6326a3f9a04d1951,183,223
af00788d71a68749df3c61857b67f90a12b60cb4be336a67f0e2a144716de4f4,test,368,368,af00788d71a68749df3c61857b67f90a12b60cb4be336a67f0e2a144716de4f4,85e37c1851505da1a9c1e6fe835bc698325cdcd8b16d0851acacc2befb706203,7f185474af7003e797e755c3cbfb718609c627a0d00f79e2c3534535036e8b64,f92d8932f5c5ecc0ab058bf0ca15a24fc93d017655fc85d4ddba20e051c0aed2,453,476
6780372f07caa2f39a935f7a4c1e3e0b7be9cc3b8872b4cdf346d10a46050c7d,test,271,271,6780372f07caa2f39a935f7a4c1e3e0b7be9cc3b8872b4cdf346d10a46050c7d,061f96c44d6dcb7aaee23d6c7c2503d04cfc966088b298ae8ac8ec6d2c1004eb,563f989b9ee75b439a187cf6caa59a044a3020a7f766e56dd98c38518650c200,384372ab720766abd6ca5beaf2c34fad25548c60d438efbc5fac8ad0a69e4528,720,796
1c3dcbda4146872b253b58f662eef457e0bdd9767af40e7d2d6aa9bcd4c8117a,test,375,375,1c3dcbda4146872b253b58f662eef457e0bdd9767af40e7d2d6aa9bcd4c8117a,501163a14906ae635144f68d133e4471d75d82d7418f45e2c3b31c386d07c831,e7e96a066d24e67ab5a2d23c59eea635c9b84f21849a83d51174cfdf134d51d6,d62c59bbadf0037a91cb2554539c133034049816ad91f344c3ac3077919bf338,434,486
4d52f91386284a7a3e032e4b78175454c5ac6360bb22e13b712428c63e02450d,test,43,43,4d52f91386284a7a3e032e4b78175454c5ac6360bb22e13b712428c63e02450d,d0cb90a82705e77c32e3f6270f09ae00aa62eb9c214559ba71c01f2b81e6d216,798a1c83c4cdb8f0c9223cfc5210ffeaa042a9a028e4a65e2105bc3e1ceb8061,90e385c21eedb692af9ce50c5c2a25989faa7753b4cf1d690ff9da06e116072b,167,214
228abf047b90d945ffbb51b3b27a6e685311d67623b667b2dd74c616a00a1696,test,160,160,228abf047b90d945ffbb51b3b27a6e685311d67623b667b2dd74c616a00a1696,294200e475b2b121e7862886fcffec0a6c3df2ec4a9ea88f2089ed958cbdda39,e74ae636b4cffc60aa1bf0b985c1943b45ef68634998c1684f02bc15afe96768,aa5c0608057f75a89efa966d0bda06477d6f6ee5135be899fce603e114397000,215,268
e7fc38270f68483e19d7c14881b4b88a482f0da1de18d33a020c292e10febb77,test,494,494,e7fc38270f68483e19d7c14881b4b88a482f0da1de18d33a020c292e10febb77,e3ae3315801416f11241f07b9f8fc2e89fe64e7f9637d6ae7dad51654012587b,50975eff486b6e9e2863249c3b5af15692ff20b1901f8b2d4fc0ff572aab9503,dca5f137928de83e21e058a4aba1069477e9e828561bcc4d51c45e878d828563,285,302
8c289e8f50425da0b5809d4b8aedc618025213def630cd0568ac058c4986cd4f,test,30,30,8c289e8f50425da0b5809d4b8aedc618025213def630cd0568ac058c4986cd4f,b349dbcbd8559afa56c22a3703e067338e9b7ef9450fedd134ac0e4c582698f3,52d9b5b98b24a9365425525ccaf494f0204ecd1b6a6af45c26719e00c2b79862,42edcda13766130d6f33142202af52258f074baab613d6f06ebced0fd3189be0,663,545
cbfe391070ae374338c91e819b89f31f282de6e2359fd11916c23732c50ce5fe,test,17,17,cbfe391070ae374338c91e819b89f31f282de6e2359fd11916c23732c50ce5fe,330968b5c2db0ea238a9d2fa057e5f35e7a84ca2235f3a6a4b88dda8422e2bb6,fb390ac9ec048ddd0c1b22bc4cff96eb364068150f75d6e8457b0611c77f3255,e0696dbecbeea1886fd66cdb764c50923c9ec077d9129f84ccca01987f78c56a,309,349
2462cc8f7705038eb35bff64c74c1bdcf5be98652429ab84a19f962fe69f438a,test,71,71,2462cc8f7705038eb35bff64c74c1bdcf5be98652429ab84a19f962fe69f438a,ebe29bb75583e9f703b60ba024378202ffa772be9299f56b6b4c3127d75dd568,fff058e9e445c35176e42347db8bf9eb9b975a6879b392640deb85d222c42df5,b3bb3a80e910028d868a6870a4a5859efb82e28e8b81717abb4880963c418be6,906,845
e6bea03f78a3cae7f902c0818ba6380689aa67b8161281ef93a169d4bc7f5195,test,189,189,e6bea03f78a3cae7f902c0818ba6380689aa67b8161281ef93a169d4bc7f5195,8ec49916fed88b64f9a581fa8797b610291dad051eed6b51118bc92cf4a8e9a4,e6ed77c436854dd02c33a0637f4ac1edb6dd6a2ba60e28871b0f9e5034792f87,aef751e52b0021fc2687d549dc895cbf75ac58273800335a055c703c3cf7ca22,236,279
e26a4c040355e55b64fed8c98b72677ff013bb07e35614fed7b450fe6ecc4780,test,302,302,e26a4c040355e55b64fed8c98b72677ff013bb07e35614fed7b450fe6ecc4780,e062cb8900ba454efc9f39d1dc8fb536c1e5556ad9c3a3e118d4f294409a664d,d332c629286063720a37820061346cba543dce1213f2696e458ab2a1dce78b5f,62e4bc7b68319ef676a22047dd4f8f79432e96b0f1ac57d1b21e1ca91fda6a3b,412,484
b707e086f8a2f4e8f690738d8f30245fd380256fe5b6c25e5c9396041fb919b1,test,401,401,b707e086f8a2f4e8f690738d8f30245fd380256fe5b6c25e5c9396041fb919b1,3fcf5a907826cd845309136d8f08c537ace8b341e210e78b29ea8df2a2ae4b4d,952830e37c904ed120bd433c7a34e589503ab32aa36ac5acaedddcf04b59e919,cf25c2cddb675c8363c01d8e52e61208a83ea39c7a4ad46ffac823d195f7c883,175,220
ffc9b1b4523247a8dca6eefcd0dced8f08a4f3f14bce80c02c0e45420f76521f,test,452,452,ffc9b1b4523247a8dca6eefcd0dced8f08a4f3f14bce80c02c0e45420f76521f,7d8970857ea3109fbe262a6bf827a1f60f2b6d4d5696b4ba014a90c5d154ff94,0295bccd26ec6ede36c7ef0124dbdc1c58daebe708513d0c0366f895a7d5c7b0,742c8f76ee1c058637267963b08b67b55595bdb3f45e8f02b14e647b8a491f1e,343,424
244507aec8020edeb2c4e19e03f3121bafd2a06af869169918b19ddf3f93b62f,test,476,476,244507aec8020edeb2c4e19e03f3121bafd2a06af869169918b19ddf3f93b62f,3fc42a783ae1b91505f61202fb14231af446c32c83850a5d960163c37c129dcc,9be07486f8b698b99a6093d2e563f38371661313880ab9b03a98be3e3be13604,c03dceafdd8c6d5421d772bfc0a0402adc63a68fb89eaf050e130fcd5cd21702,353,374
da3a8c689918898ba184e6b7895cdafd63de43f1e02cc273f80099c6f333566b,test,279,279,da3a8c689918898ba184e6b7895cdafd63de43f1e02cc273f80099c6f333566b,29e54edfe107041937057b181b0a1665084fd3dfc5763a224b0746c52316f08b,a7d90140fd4e4f78088946cbdff3ef4b64541cd7bcdf9522ff37f88c4a22df1c,1c1a2beda920a20b1964a9af4bfa25c203fb087f2f4c7149cd853449fd71e8b0,338,380
5c30f81699b654891a75f2b0c6890faf37fd439918e68b83891dc5209db5a689,test,252,252,5c30f81699b654891a75f2b0c6890faf37fd439918e68b83891dc5209db5a689,1e5354dfae6ff9c125e5759abce9418fca9c88e466a51b01c38e3e92d7a35b1b,36f7e23092bf0fb12bf468cbe11916cf71b63206944bbb19b982eb89be758841,f4db8946349c715165aafb55ed470826ba1a299387bde639c26e3b06ce791e25,222,265
41ad1f2034daaa799ef168ab1d5ebd80d6257dab2ccae00c840049b56a765810,test,47,47,41ad1f2034daaa799ef168ab1d5ebd80d6257dab2ccae00c840049b56a765810,d373a1a9342fdf9d5e56516eb71541ac3429938585868192885296fbd4c4a4a0,e5fc0de5f0ad8ff5bfe676ca53e70c3545bb5aba4b28ff0efedcce5032ffddf3,797ab06c18eae8186e138363b796a62d35d66e7f9fbf8bfe18bcfa0fb7d92c35,285,311
5e8181a4d253b8e4eaf34037518abdc033173b2955cc6c5525bd9cd412ce6acf,test,322,322,5e8181a4d253b8e4eaf34037518abdc033173b2955cc6c5525bd9cd412ce6acf,d3e22aa8aefec320eb63430f9513704fc8c827a2696184773929fae91cf08787,98da7f155f27e9bc8e20ce8e84ce684c45fe0b83be6f2e94f9f1ce1c5692e870,5b2d305611326935761d376ebd648f0b337a6d7fa3904783c0f1292be411d3e8,501,541
0061072ce2bc7db861fdd59501cd401264008d01412c977821174339dcd0d2e1,test,141,141,0061072ce2bc7db861fdd59501cd401264008d01412c977821174339dcd0d2e1,e6fc62300c8e1cd3b130c7c70663d591966ea8af7454a5fa1a05909a452a3742,5bf74bd942d83f1d28ff2711243bf687485c9d2b037268ea535139026c2ff539,1d63bf9c86d529be5e4e0487d1cfd7e91f81805b115fc0abd0b27d7badd41330,204,241
8d03e5fc41aed33cf18924623ae5cd2e7f8adf8a24f7319b49ab4dfa5ac38506,test,208,208,8d03e5fc41aed33cf18924623ae5cd2e7f8adf8a24f7319b49ab4dfa5ac38506,3229c14b98f86463490b7b1aa7a9fdf4a48ae53e4b914989736e2618a6d6901d,5b5b40864deb3d3fb45364b225082fe3363f7067c35678b54b1d7efc8ba6de13,678ac90d9db04f2c16b5959c62409b3e0b8c1e52db676643b700ae2c318ea592,410,456
df4bee128fb7f97456afc2913aba87e940757bd9b45692a1a2e2f73324ef2d73,test,151,151,df4bee128fb7f97456afc2913aba87e940757bd9b45692a1a2e2f73324ef2d73,32d3fef7ef0bea5f55b27b4e38a145378c3e2d1de1cd511b5ee70386983fc10a,d1258baf3debab33cb7f00bce969f9ec96c99078108cfb9e51f086acf29fb612,bbe3572012eb102c1b4ce45270a7368f08a0638e865ed18b3126ddda76fd1db6,822,791
257e7d4506f433b294eb4991ca05a66a3d393f085faef0aff7342e5cc86cb0ac,test,173,173,257e7d4506f433b294eb4991ca05a66a3d393f085faef0aff7342e5cc86cb0ac,385b908d9cdbebd3566e39ce37e6741e3ec2f8381365b559603cdaae046ce0be,3db34aab67e75952d23ec06ee1b7d5429d88e038be199e58cd537780b145d619,a274e4f0c132844e13ec3a84f44170bc95946d5e36fa3b3b00d84b8ab8c6c4da,450,495
e3165f0e53003343b7a5bc62b4ea5dd386e80963f5f392cc1365609e4ab8b1a7,test,64,64,e3165f0e53003343b7a5bc62b4ea5dd386e80963f5f392cc1365609e4ab8b1a7,bc4f25db01f2fe5af2f1d23d941b6d030580d2792497f03c55c7ce92bdd5d421,7abd6b9c3b34a9fd0299df9d4ff3285adbda12721cec20a743632ee913d566f7,9b958ffc6b26835f4830f5e86a594705a5d74396de055a50cf638c1483020431,353,403
30d6e58c7197bdfd3311c3bcef02b0554668bdd9486b4288c39d49bbb917154c,test,398,398,30d6e58c7197bdfd3311c3bcef02b0554668bdd9486b4288c39d49bbb917154c,1e3e62b7754f8206f6af1e46bfeb204d0f1c85c30d8d74e359e538f6eeda9805,7a6e3d14ce31ec3f53f7997e8a1f268c9e6a1b4a7433bf57e730c089bab6ca01,57a067a94e05105cf2e8b20946b88e2e38fd28e40cc81f67e8b94f0b91f7cf9f,203,254
836b900e4aea5060690fe844c6b2728c8970bb88c1dabd3a3ceaa33ec55f42f0,test,245,245,836b900e4aea5060690fe844c6b2728c8970bb88c1dabd3a3ceaa33ec55f42f0,99dc4b70795bd8b4ce90627aea57e3541d7b830ede7c3e35d30145d5f8f11d6d,d4d6e8c45ae38a26c69fb0b9753c56ca98e779b44c9f592d662c3c1f2d9b6bbb,7f04a26d345942ece50facc7b2c2a18ad52e90b3537a4fe63f1e94a6dad4e666,1017,750
58092fc175debb676483c51bd1d03c6e7023e25653219296c2c9c3ea3ef09fc9,test,399,399,58092fc175debb676483c51bd1d03c6e7023e25653219296c2c9c3ea3ef09fc9,d28769322c176a8e56309204cfe69e1f467faa1a4e8e10751c075e71ecf3ed4e,7a6db3d059f33af953abc1c94eea196acbe23e00f3180d37933caf2da6c996e1,5b519f7c603c34b4d53ebfec7f3487c2d506bb3d7f914a61ad5f0b6a8d573723,269,267
c5eda2c6bdbdbd1b0a06d64a08fc6d7f0b823d4de97e5bd4fb51a479417beb80,test,288,288,c5eda2c6bdbdbd1b0a06d64a08fc6d7f0b823d4de97e5bd4fb51a479417beb80,4834ca670f712aca202310804e4b16145699eeadc76b73d47365d0207e7d1625,810b87cfee7dd3ce8033d52beb85f70a32494e6a046630833dd4c0aa9ed5e993,b869ee3847a9dc95a87ef9ca7cecebd34d75219d4889899c2dd735d376a4734f,179,198
a7edc7b8e35773b113515781668ffbe8a8dd7b4954385945f8273e5faf7d65ee,test,315,315,a7edc7b8e35773b113515781668ffbe8a8dd7b4954385945f8273e5faf7d65ee,caf7c3a48303282ad431c99ea2f562ff717ed9b385104c04313d8956e671883b,5c174c89d010e80a2c15a23f93c6bf2b936dcf18c51adc048921675e80f45a74,fa7946101aff0ebbd1d98b65ba1159fb803d3c2cae514f4489b990beae467b44,460,495
e84f9ea9c1c4bfb26fa26aacf0ab2f9548db947b079ce5ce2af4ec85549fd4a2,test,298,298,e84f9ea9c1c4bfb26fa26aacf0ab2f9548db947b079ce5ce2af4ec85549fd4a2,24a9e68412832cb7c863945d1945f80ecfc3d95a80ca1855f5cced72d4277989,c29b574a101413c6e1f97d8b13006c0dc050ef22087e42361534f390f2bc74f9,202d482efe8552795a3619c05d7ae4df142c17e7b4758b8e6a01fb7e3a6e8fd0,419,457
d6b5045f1a19d80a03470bcf0e8ab13139a21078ffe77ae8f3a24d9f53e7ab96,test,412,412,d6b5045f1a19d80a03470bcf0e8ab13139a21078ffe77ae8f3a24d9f53e7ab96,e185722c711a401a8cda95060e0edce7c5725210a1ad1a874474b33a3cb5a543,b3a2700849e3ae9ca9a2cee6e39d3147b634ddafbdca69f34ea2653cc5ee8d49,c241473c2498d76ce73f662440ff98c2730fa9ffe76ca4370d1786888a02745d,611,653
c09df11db603cafa245f1184f3925821a7f65439d7679f7ca478119918fd172b,test,304,304,c09df11db603cafa245f1184f3925821a7f65439d7679f7ca478119918fd172b,05f435f6102c2e01374e3bc87221793a5becee6ffe134d6585eefaf87adc3b2c,1bd5178bc0e027340b539d3595351d81e8c050a9b64f82f84ee4b9969df50eb9,3c164225d83f395a628e70f0e4f2167413af3ef97293e6b7b3cf265bb6bff36d,298,354
19a0a58b872eae42dcafed3abaf92f4476cba75a1e2357dc23b6cfcc4911d650,test,376,376,19a0a58b872eae42dcafed3abaf92f4476cba75a1e2357dc23b6cfcc4911d650,ca142becfce02c191d7ae8f76e1d7d88a3b9d3aa3f827e240d67b619fce6f4d9,05368ae08c5ab4aace13202054355aa58e517b35e79355194a7086f3459ee367,592c34772eacc84fdd4d351a07b401b8236eae3f5acb5650c5e7570de14574d8,383,479
18d7efe38ee25149ccd23105223beb3b2c9988c5e7b057579963fd613511d02b,test,85,85,18d7efe38ee25149ccd23105223beb3b2c9988c5e7b057579963fd613511d02b,c254f0ac2d4b76cf86cf0ab412c1380f23be4a20830610d6c46199c025b769c9,6e49a68ffd1c3f95807221234d3c1b8e99357e18de174edfa443ed9084fa5680,a3b6f60a2d31c008abde92fbc5a05d75be8165ea0d65b4cc253f88c3bbac43ec,200,252
53ab17e1be2bc0ffd543131c39e9b378b9edeef763cacacadeb2d9522222740b,test,171,171,53ab17e1be2bc0ffd543131c39e9b378b9edeef763cacacadeb2d9522222740b,6507823d5895106846b36404f9123f1168ba91bdf49f4ced8a2fd78a6ced5f05,24903c3e5f66a4042c43e85956755ccc172fccdac730fd2a0d53a3aa33027c64,6caf398b8846565ec08c522d8d5b60ebb25623a89f8a334aebeb85e7308be1f5,170,200
eafbd350fb3d2b8283fa144cfeb4226f3758c25f37420ad731a519bae316d1b5,test,149,149,eafbd350fb3d2b8283fa144cfeb4226f3758c25f37420ad731a519bae316d1b5,f20d983539dc85dab9df576b6eff16c50a2a625f6f9fe6106591f59a68d4d802,a8a01945b5212982bcfcdf4805927746261ecab01bdef82c50b4defe107eb8b7,983a6232a98b8ff66ecd9bbd4ca7c5314896d4ac5aae00305400f7cca4cc91c3,1114,1047
59d85094ade768fcda0b68029d9f102e8e0ab26919505b0bce5e34199b512f74,test,291,291,59d85094ade768fcda0b68029d9f102e8e0ab26919505b0bce5e34199b512f74,e506ba89c6f66063e0a7eb9114cace4ac718a0c9136b8c52792f54a5a7eec649,a66414f6d96e52911599eef97aaa5b77b98dac2d143d2390e099de54b8aee490,ba9a0f074085656f820682a0a64a86f87d9a7b9c5e8d2a1eca86cf585c0deead,177,211
357efaa68d09270862965607fa9311884f5da4ad411bc80c833e0511dd35f69e,test,324,324,357efaa68d09270862965607fa9311884f5da4ad411bc80c833e0511dd35f69e,3fd7d9708c3588b25dfe8ddd9dc71a5eb78357df9b8e57f6090fc6c03e943a40,820e829d208ef9acf565f2d9c76bd1fb9c11cce86d95ac3065b423993c20f2c1,cbc3d7d3c60eddb6896ee951c472542ddf3403806f3d68d2f2d11e58cb775a06,274,335
b8354f7be441eefea0b5235b2b3db2a492d02d29eeaddedd0623e6f253e19675,test,12,12,b8354f7be441eefea0b5235b2b3db2a492d02d29eeaddedd0623e6f253e19675,7c855f2e126a5d61aeb75047dc4ed3c4a3c2489e1ebfd4b1d73f3850512c149e,a5798f1ee65081d034522d9e2d0412bd598d37c531e8cc059004ed0c6a11cd27,d10041a97e9a7aea579c2962644803d63dab9f2878044c9ce449d87e19aab5ed,453,458
b233e467ec8c15a8abbbe164d5875c24cf7250fdee638c1994778c821f7c12a5,test,81,81,b233e467ec8c15a8abbbe164d5875c24cf7250fdee638c1994778c821f7c12a5,1380e132f421c1d7595a713bd1daa3551d69ed4274c334600fcb77f466e8ad55,36d2e5d64180debe3e276c8330fa9824e4fd8bde52694d193b83ed58ec3ba785,a69ac1ce139c8081945297c807b1c1764c0f7c4ab0841329308019e1e6beb8d8,317,309
e56e7477c51767eee5f5814ad81974f0e2302ad4dfbf0c9c0259b0e1aa5f4920,test,395,395,e56e7477c51767eee5f5814ad81974f0e2302ad4dfbf0c9c0259b0e1aa5f4920,910a80d4a3422d325d4cda5973428ad1a3c97c52ca769ce2cdec73816fd9dab4,2a11b185614d0bad1be4b3dba46305e7d7519e7225d369852ee2ecf1153d4c7d,1f19508a6d54301d5c961378f0e3c4f38bc99c7eef02bdae9d7eca80ec3034d4,693,765
ea0f5469dbb42bff121c85175dce997bd4d7238dd76f5d78b4fa5ddeede6ae72,test,497,497,ea0f5469dbb42bff121c85175dce997bd4d7238dd76f5d78b4fa5ddeede6ae72,e44ee3ebdde250869b48c46a11e1b243601a55cd80cc556c5f1a0c46a42c0417,86f27b00a9f0f830e53a7afd92aaee9f75a35b10ca173e5cf98beb932d92225a,432461c1662bcf10a6761bd9b2ac1f2553898c1ae26b7dd5069fe87bde88bf8a,794,808
aea94772298cf7bb5cead1f542d4ee1fcb4380b171e8f4e354d865a3bc06c5e5,test,469,469,aea94772298cf7bb5cead1f542d4ee1fcb4380b171e8f4e354d865a3bc06c5e5,d7ff47b643c11e4e85e4d52e7c439797160f75973f8826b2160243c45c32eaf0,30df8f7b647107ce5e98a3fecd2f812684ac0b990fe31db00071150b4360c84a,65354736ffc2840b61eed061417732c9178c33803b560f2081887ee1b8fe9112,282,288
7468e901dab67e7585e0b771783dcd855df6dc8310994b2c9fee8cdcd245c66d,test,441,441,7468e901dab67e7585e0b771783dcd855df6dc8310994b2c9fee8cdcd245c66d,a2310bb75f70cd74c18ac2366e0bdd2b7309b58d70d02ec2d03b61a563d1ab79,bbdfc5cf03d45c4c1a40da8865b0c944c560f1be2415020aefa7c35393aaa6a5,06e382689311cbf886c0c5777b8e2875c4fe544482216ff85418c5c506955750,663,635
f44b8e479339b4bc9be94729bb7e9189485c5a0f80069a40cc60313de2f8de9b,test,63,63,f44b8e479339b4bc9be94729bb7e9189485c5a0f80069a40cc60313de2f8de9b,3b7083c6155d7c56794ab0cb624b241097e2adc1c55d11e4eeb600597744f51d,61491b3d9cc7d57fc3748b4c3537627cd823f40eb46b2b7c91ec3bedda90ef0a,b6318621de5264015d04319d15c1962370bc4e2895198710b2d7e636cd55c65d,543,535
a51556db792d4d43397fbf073ef89f99407fe51803bae0cd4b70c9940b6b852d,test,362,362,a51556db792d4d43397fbf073ef89f99407fe51803bae0cd4b70c9940b6b852d,299d06e2fb255d139b0fed3157b1e53e24cf2684d37536b25125099eb5218bd2,ef87b8b7423ad8cff1b0d4a97e3b421f764ccb8c9d390960879c135900d5c7bd,267f230f2ebf5f101a279c67075057e095b08805ec75aa3616bcc523b8921965,522,544
84b71044cc788abf7560006dae32009325291dda373d0d8cec242ad1914bcd4f,test,471,471,84b71044cc788abf7560006dae32009325291dda373d0d8cec242ad1914bcd4f,ab65de95e950f4f9dd2c5e17d921543d7e1ed08b73054f675b92f1a906f58469,52472702751c49afcf7e14130e3c42142e1386e5cd5d357b07c95d6940dc9cb9,a01035a251ebcf672d1a1973b9e05fb615ecf20afb8c29df7a8d875bfb5c11a3,374,406
63d4df6f6e49850fadd26c3308df986b0797132cfc4fade24525fa477cd2c696,test,92,92,63d4df6f6e49850fadd26c3308df986b0797132cfc4fade24525fa477cd2c696,765636877c9b9f842281cc3d9f7f9675c3cf23ff97cb41dfbb2b633184f0cfc9,8d8399698f3d286eeb53e83d30ee4337c2a62af17d3a80de27ab49da1b718805,6397006dbf7e66b61638dc1f436c095eee9614669dff070c2f84667def1d7746,187,220
202149c2a7f8bf0aa3e581d4acf01019d702f63f38fc8a1863ed974186516379,test,83,83,202149c2a7f8bf0aa3e581d4acf01019d702f63f38fc8a1863ed974186516379,21c1c12b7d3676d4ddf374d6436d46fede11e604df3085fa5375d23f4f82d9cd,e378462a23148a2b8fb01eaf4284d4f1ff962663b2f04db21aa7e5ae7c1bb67b,cb7cfd4e54bf7f0768113d6d6354c6b9627621cc9985184529500354cc36d46a,444,449
85697cec770ffe2e0a0bb3f9075a7e13d8fb69d25f6c2e300768f0fe4b3f206b,test,188,188,85697cec770ffe2e0a0bb3f9075a7e13d8fb69d25f6c2e300768f0fe4b3f206b,2aac96f98c4c6a285206ada61c5766a8ed65523d5a36dedae19134a95d310ae3,21c849c269892d1bc1757fa19fb859f15023a1fdec39b47e3937ac397707efc8,739b6c278088315554be39ced2fcee9e6087142903b45ac2532f1bf243c11a8f,238,292
16de321266f7bbb9d3ff2742d2925401dc01bcc9fab1b9f2ade93588564888a6,test,76,76,16de321266f7bbb9d3ff2742d2925401dc01bcc9fab1b9f2ade93588564888a6,baf91aa60e9c77dad6cdf326c315c0343eca8eef249c46856b23ab474c04807a,9f9ca52f64af85109b7a9bd372be24673b14b696ec912f77bb5c79257d61b9f5,42c7f633012cb14a09af9f7f209435f21a384c5af447f239e6d2a49d24e89818,293,317
cd63edd80d56260179049a2be76795ff428a191d5bf919fec9c718017fabd9d2,test,408,408,cd63edd80d56260179049a2be76795ff428a191d5bf919fec9c718017fabd9d2,971d0533a77a45d650566fc5b791243488b4cae04d95e7acead356413dde682a,23a692a39857ab697377d1097a52c8e8ed60fa66cc18146d1bd230309af068bd,aab90a10ae4513fc1425cceea036b1f28bd448cb8325aa38c652d9055c26b33b,398,349
65034210eba89dff1721a456a1fc93ecac1dfe18777208f4d01e5614c8ff6ecd,test,236,236,65034210eba89dff1721a456a1fc93ecac1dfe18777208f4d01e5614c8ff6ecd,e5c80072785916278c301be3d6165dd5eca8ad79d997998d5a07e2ab25d9ff59,f95c52dc921af71ead8692c769a27fe59067b0cc555a582422bc93512edef8f8,0c15e06c590b9defeb4716913b4a9410024762b7eca2e44e2686a146c8221b7d,397,433
7bb2c9567e9fb924e771544d4cbd8e42c667da863ec1fc267f3d6fa83afc9c55,test,330,330,7bb2c9567e9fb924e771544d4cbd8e42c667da863ec1fc267f3d6fa83afc9c55,1ab528badecf9a196920355b6704c8c4b025fd284f65f5814ab1c7d4a9c642ed,dcd6d83a01425514396177b106dd78b988e1e400b2a0b3f92ac1c9572ac91319,3ab655c11b180c51ca56e4e2770181434565daa54064e5543dc210955db9a657,315,407
007938123353b5f82f53ec014525b99009ca6a82827e1f7842e0b11596f73674,test,276,276,007938123353b5f82f53ec014525b99009ca6a82827e1f7842e0b11596f73674,ec152984f59e733c213ecefce9cd760ec1920526bb20cfb7247333bf59f3a696,020f1823e558429b5a384262168c3899d339e07c1a10277c54875c4600cc8d8b,a2d17a145460c07768df53cf8c3150c1745f3a289225077526ac6d784e96549c,193,250
457871d691cbe06e2c91f241d37cb2b3d36be95abeadff042bc1073a36047e71,test,32,32,457871d691cbe06e2c91f241d37cb2b3d36be95abeadff042bc1073a36047e71,8ca7ab3bfc10faee2e17d191ed4ee02600288dbd219b2585f4354dea04f98149,33bd7a86e3f15bc35a4924f56c11de32d40211b7ad250af5e341ea37c007b424,3752397d308e0c9caef2ea5526f0cf10f70f8ae13a59d70c5d244eddb29a0f32,462,482
b6d558e5ca6f03feaa44fcf71266b33d951b59347728a752fcf66fafeaa4d936,test,230,230,b6d558e5ca6f03feaa44fcf71266b33d951b59347728a752fcf66fafeaa4d936,59480ca00205e3a0a80603a405829563bd3cb6097e4f91884f7d2d745af517b0,e6d3480a7a32b7bd5f2e324f138832ddbe587a445a3ed62858a2d2ca343ff6b4,fd093bd4e3ef5e2ae37e8443e306860048a4fc826ab06e5e523099ce53adf74d,316,352
294b3c9943cf43b89756c2d6df84e7c094070a264572844a8d920abcd0541e37,test,145,145,294b3c9943cf43b89756c2d6df84e7c094070a264572844a8d920abcd0541e37,d737cbd24c7f51f04380220e6cf39f6c1e376197081c45b68bd452ba7f3d9d9a,09fc1b0a66caf24179fca1e6b20e081eb5a81b6c5658cda35ae7304673758657,9405bb95ef54f23d9dc94184114bbd237f57a1e12b1c055dececf37764029ed1,535,575
5ef16c1fa9aacc873552c4070c50a856a58995fc6625391ae6c6d979024b130d,test,22,22,5ef16c1fa9aacc873552c4070c50a856a58995fc6625391ae6c6d979024b130d,f8b5b3ff7998f92aa0859a00c049038f4338e4af3115664a2cee283f656e4eb9,b7eb03e26dfc7343360172ec139c09081cbcc1f4a06e479c375786bc532ce58d,010706317d1225d60201749e209f1619ef9609a0994c37a886aa17e1cadeaec6,446,417
ad5f78b06d3a47420d39e602dd2a94f73e679dc60f90ec6eeacac34b787c1327,test,260,260,ad5f78b06d3a47420d39e602dd2a94f73e679dc60f90ec6eeacac34b787c1327,76186a384e6000666cd524d4561e585673870b90f65d2907396d38d488f1c584,6a41bd056b110d206de64c6133781086fe86ad1f29d92f4c8db9771180877c26,f589150a4497bfc7e6f30f8eb3d60093025301331a45007810987425272433ad,472,512
75178fa8c0924af2a97292206e1a162ab018c356d3d7d25838a3c4ed5755b214,test,392,392,75178fa8c0924af2a97292206e1a162ab018c356d3d7d25838a3c4ed5755b214,168287c22cfd0c949fddea53b80c91d6ff1571de9be12181e6cb3306af03f437,ce63d4f69e89c25e417a2a1fb0bc3e2f81cf834e8219a832184ea176a9dd8533,bed5009197f4e53517d0bd7a56a1f7946775120c64f7cc7d36af562fc018ecb2,576,548
719a5aedb26f5c211db39a91e1e3a22efa2239a1c3118fb5db82040d09bd5aba,test,296,296,719a5aedb26f5c211db39a91e1e3a22efa2239a1c3118fb5db82040d09bd5aba,c743b0b629fe7715fd6f8a0ec5d37d86d8d3876efa292c02f988416881d175f9,9526e6f69a1ceff79284413fac0c5db7123e21d7cedc8e2358ec386b6154b2e2,14f03a92fbe4aae4351787977270219a8a1ff6073b8ea595dade41c757587b4b,302,341
93a43a33fb0d35ca512899f93eee876143cf4ec7689d3d8bebdbf68ca88041a6,test,79,79,93a43a33fb0d35ca512899f93eee876143cf4ec7689d3d8bebdbf68ca88041a6,46a83a186598bbf364a5b660cefbc74b19b25c1d7ad2247efc54a5d948667c06,90f9a546455a8b29008fdeb599f4992d86651cb907bbafb55d6a06348bc182c6,ed77ae452ff4c567dd6617aeb6ae41a882945450ffb6e0f11a395f69fa267b2e,371,406
4d41cdf76c62836b113dbc95cc59a9c17e63c066e1e23b214ea51bd4d6bc240d,test,201,201,4d41cdf76c62836b113dbc95cc59a9c17e63c066e1e23b214ea51bd4d6bc240d,21e0745069e62275fda429586b79286a38dc62ff53d257442386c7b5ed09b331,be05efb8526e204407b32ecf60fa294fc0d5a8003d4d3599aacb9e5ad4c338fd,8f544ef9a854ff12014e8dd0eddd39893e6ef2ba2867b2ab34d5308164b187e9,716,671
de79ba9a25e5badb404bf76a8c651a057ca3a3163e0986b809236416d8778943,test,97,97,de79ba9a25e5badb404bf76a8c651a057ca3a3163e0986b809236416d8778943,9daaa4064b6adb3e59b9251392b0949745c26551f6d2df18a8d8dd2ef2db2c47,7047b68b1685c3b6de3616cc90f0593b680061be5ace74a22d53fb76b3fe4091,054da2af79ae940c680d32d3a26bb111ef82b0db6efd7972fc087dab381296b1,229,265
ccf427d9de29ced9a7e5076e0737a85ba976e1d398367727fa5b798cf20cdcc2,test,385,385,ccf427d9de29ced9a7e5076e0737a85ba976e1d398367727fa5b798cf20cdcc2,8b93e6360f40b16f2a0a1cce55d180d7da2f6147ab1104b755a8d69eadcf5a5c,c71ead01ee797c3eb656d204f5a5ffafb2db09c8f18995b6619310950adaf9de,c25d3024227e01a37e9a5e9f180bf7b7b785056ed9656da7e4b7a4f94c624f58,493,489
810c52d7f3581ea175534bc114a3555827a8695ca1564a19bbd5f2ed7873fbb4,test,496,496,810c52d7f3581ea175534bc114a3555827a8695ca1564a19bbd5f2ed7873fbb4,34f13d0edd95c9e67ca236ee9d78f6ded80d22ba0ec273d42dd9079f7ed65817,e169d4c8acd2cc82bb55fc59f13fa7a666d66d06e925bdc074db7df9f39d0799,83b788f984ad24f179749a979b76865b51a0378654471d1c044e7072d7f3e18f,267,294
202f29df5a55b8c3c5f4b210f3d08220b112478f0e0af78e772e4250dcadb21d,test,281,281,202f29df5a55b8c3c5f4b210f3d08220b112478f0e0af78e772e4250dcadb21d,2b1b3611aee5166b1b3e68b5a7b2862003fc414a24f6bc62663efb67524439c1,1056dcc5a0d9c0bf8ddd6214afdf3a459458ef746017f75fa0a4579799b52963,efa3c7748d0fcd0258445c42c31a49ae7381432c77e7dc57157b14f3f64b34b1,359,373
0d94b977f1b8b3c4fb9a6cf545280791ad8c57bb5a71c488f2efd9751329cff8,test,303,303,0d94b977f1b8b3c4fb9a6cf545280791ad8c57bb5a71c488f2efd9751329cff8,3b12a0ca843d8eac39415b47a59c3ef0b650234bdbe9c9dc1e43ca15a90abb12,6b6d3fd1437e254ce41bbedc2c1e2e64057855c2e80f79e8c450ddf638920a4b,34e53babe7b2e76d11a00ffb4f74f7af1ff034e151f0da4e4bba18099259f041,296,330
02be10c8bc645dd0c0c7e4034eec8368b25c330d55ae519cf74de8f1833c4cc1,test,309,309,02be10c8bc645dd0c0c7e4034eec8368b25c330d55ae519cf74de8f1833c4cc1,0261a4146c019777631a0633c12a836288ed31be27c6238f358fcf6c99ce5868,ec04da6407b78bfc76943ba121dbdda41ba9a6ffe87d260ce3ac1f038331295c,a04121040251a278f57c5cb8e48ad00762dfd742e5826aff86a77de41701d26f,190,228
3abfdf48290472c9de8cb519f162c6c265f69b82d70815a052445bb64bfc33e2,test,282,282,3abfdf48290472c9de8cb519f162c6c265f69b82d70815a052445bb64bfc33e2,33b4854c4afcf989b45292d66c004b5ad01d12b226667424701dd2ac696aae8e,974ce3eaa176fc278325383442bee828beea70d170b515d1762045179a95acb9,9caf40ad6ac7c0b2f39a90a5977e6188241f1ea1d39d3937cceb1fdba5c89d62,392,427
089a950744d062ffd3c7f19b6752cf919446e77a93723b2b77766e95ef20fc82,test,66,66,089a950744d062ffd3c7f19b6752cf919446e77a93723b2b77766e95ef20fc82,26db1c48166a32bf56a36765ff9c942648080c5707cd611d243ce80ec0848df7,0b26cc7c29970017aa144ef0da3e05d87b06223326626e6ecc0536a8389aa826,306c9b75ecb1a55ed27e54c911eb5e789929d2481e3bd59da7ebec32c7212fe6,822,853
4d3451150c00e6fa9051aac249be64e4457f2d63f6eaa145595fe953dcf4594e,test,130,130,4d3451150c00e6fa9051aac249be64e4457f2d63f6eaa145595fe953dcf4594e,df378eebef5e8732e299bb3c72179b5010e0e8cc4d6d357a763def83169102c8,38e398abd22a7db12903d44e6a4cfceb2f3972b55a16a86195d815fcffbd506d,f417987ad5d39b055cc732fb3acfb0d772a6e157b440bc0d3556ea3709a3face,368,403
9ab7e853211ddbdead10f52569880036802682771161bf6ec0fe5f651174813d,test,223,223,9ab7e853211ddbdead10f52569880036802682771161bf6ec0fe5f651174813d,b4252c1c6c34b974965cc46a7b761e13e67ba7475c8ffad80fcbd72f42b9e80e,3b4d69fc1202803ac3bcc4360e513eecc0cf665b090be7610ad7020adc27c4e9,09e93472b3f9678eb398ec4624acd304572fe4f540c8e03a95e3bf23e728b0cd,170,202
63f82a88292d7538b32d807ea7e71efe17238c6efc8eba674ff297f26098302c,test,484,484,63f82a88292d7538b32d807ea7e71efe17238c6efc8eba674ff297f26098302c,e4d9261572b1e6da82a74c6005a1f63512e46f51e5e7f99851ee23b879322c08,71e276d718643f7b65d25878b89f43e320d039a2642b76418ce1a1a16346cea9,cda17b7d993e2c5cfd2c15e69e04b22edd846ffac8d88ddbd3e229baa8e21efe,352,380
2a2e325124732e9958a7dab9e1bdd353c2b27bee0348e916337aa70794993707,test,90,90,2a2e325124732e9958a7dab9e1bdd353c2b27bee0348e916337aa70794993707,9c7104a6faf6e0af7e2a909b44deeb653983dd607d0a2fc6f9ab44a85f130421,7ef034dada370964e84fa2bcc4cf62779cc329ca38520a1e56362e66d7b025a3,550f62031155ef39e868b8933cb0acce93c9e82050401c49553f04b63ed72876,330,377
cb96acecf358f7e3b24ccdd5b8fdd6b2520d12a14248b84c1a4bbbfe41d43b90,test,4,5,cb96acecf358f7e3b24ccdd5b8fdd6b2520d12a14248b84c1a4bbbfe41d43b90,05075285c98491dba5bb78a89bfcab65eccbda1c4c77860d14265f4eda7c1917,c504dfad7b68038b6b0389dfb7863fc44f9f91f83bbbcdfa198d97f577623a17,c3ef9fda3ec2cf2c279e9768b88af1dd825f20e46a0fa06ef6b9f24922617b4b,344,380
073ff07bcfb6f962058e5df0e67f64551f077efa1f10e4142c8c2fa0169122aa,test,269,269,073ff07bcfb6f962058e5df0e67f64551f077efa1f10e4142c8c2fa0169122aa,518c5798faee002fd61e580eb61bfb0e18a13b0e04ad936c9f33c6b93c9883ef,f34c1cf0283d1aabb1a81fd809d12e87b4edc8ae91a7decbe3700d16822cf1fa,65c888d78e1db482e11543a8a434d3ab7ab61fb87fb2b74feafa6ea895717c25,441,434
003554b0cf5a1692e2ca7909213e2e25e42a30d149c9d2f9da941c4205f8c5bd,test,128,128,003554b0cf5a1692e2ca7909213e2e25e42a30d149c9d2f9da941c4205f8c5bd,d9c448fc06f1065a5aaf8818fdbab2ad90bd1b9a1dbe3eea63e7fbda1be894fb,de1f834a6218438662cb9b1b7c7290be313740c6be9f6813add64b8cbbdfc58a,dce7a69db664176c00e0f9cf01809bc37a3e8dfcc8efd63b432d0deae5d27a62,395,431
e5e53d7f1cc250beee95928ff11de90b18b44fd31b4197b356a8fa906813cdb7,test,41,41,e5e53d7f1cc250beee95928ff11de90b18b44fd31b4197b356a8fa906813cdb7,23e7e5e4dbc69c08988d98eeccb10005bcd971965bd252ead89e14927f18027e,62aa29b8e523b1c64701a209481cd40b9ee40509ccdd57e05c279398e7b0331e,9b055457139d8a87839913eb0fb88a4a3a73193f54676c89cbdf23b176c791b7,219,249
5249f13ea919c5dd52dd01b9f95c6976bc758edc8e8c52595d41142afe37ebb7,test,53,53,5249f13ea919c5dd52dd01b9f95c6976bc758edc8e8c52595d41142afe37ebb7,0f53e3d1aefb4d39fd2baf9c664fe3c7f2823d598cbeaf45ce6800720b163b33,9c0cebc9c63aa61e43851edba3435c93ea0732bff3a09a2292549816d461a1a7,9466dabf5726d48d487fed725ac0c0c3bdbc23d4c1b879638d81026f656c3494,469,494
7977e9140a2d907a5cb9f3a73dcbf65e930917db62369803aaf04298257c5540,test,131,131,7977e9140a2d907a5cb9f3a73dcbf65e930917db62369803aaf04298257c5540,60a4d3ce70c36354c904896475cd998de04b7d0e187980fd39d905aa822c41f7,fdbb36101ba3c536ca4dfc6ad5ca91b6f3bdc704cc862006c3f46b157477b347,22e1ebcde63905805506535aa88d8d3bfcba5ce37e117e80ebb8ceff38c5c3b0,390,463
a3e926b8ed8bd1037b753cda1314031ec3594b1567e3f332428f4316354db401,test,266,266,a3e926b8ed8bd1037b753cda1314031ec3594b1567e3f332428f4316354db401,535b403f3d8cfdafa1b07b24586e8a6fe38206391a653269d5affcc1ef546b87,0745013857b35b607a2d92bc6cbe04c80f8a8311ad2f84a8aa30af8860f75083,f46b031a949a682f2b8dfeb7f34bdae0521c5e7b0ff79efd2bda2086be4b412a,155,187
16b1a4e214da392d77c47563c61ad14d6046d93a8345b2d62fc2316173c0c1bb,test,444,444,16b1a4e214da392d77c47563c61ad14d6046d93a8345b2d62fc2316173c0c1bb,c7353da4b7e4e58a0b4ba5d70ff7d2833b7ffbf85304aae5a23901f1c944d36b,264ce23b4384838d63c709728817c7cc949e0c9dc5c4f68e6c590557e93c5e0f,f0e78d001aa97e3920a82b28095b1ba1ba8bf560f585fc73d0f345d0ca6f02de,251,262
bb0a75c6bc7227204f2038694423f1d850aa166ba51e702f85285d54ccb06493,test,464,464,bb0a75c6bc7227204f2038694423f1d850aa166ba51e702f85285d54ccb06493,00fa95dade30854270c6001aea5fd49a5df0a44b6fa175b74710879ec8576673,50cb5fd442f570d8c6a7f9bb79dee1c95aed2a5371d4562b229a49042ba8f5f1,a89e8799303fa4e25f884893682ba96c2679feb3a0ad44eb390d786db47f3833,158,208
d958ffd8da69e5f9308e20aba95c2e4aaf9843e453df41f01a19e3feeda62862,test,363,363,d958ffd8da69e5f9308e20aba95c2e4aaf9843e453df41f01a19e3feeda62862,7661ec1e34250d5ff4a23d106c86502df867fa168b3834bdc8eee56a382156fb,9a5478c930aebcbf217e55cfd6c13caed6f50defa16042d1ce9a4d011e719a91,51eca8792730b0a31434588b68d93a7a33c3cc8982661e66973f1273cecf1efb,450,484
74f09fc50afff5f44bd4674fdcdfe796bb02ed9afc491fbd66234b37af37c589,test,377,377,74f09fc50afff5f44bd4674fdcdfe796bb02ed9afc491fbd66234b37af37c589,df27e10a739f5bcf97d5fb4261d788ce47364aec60e5a011cd62d3c1cdb81a21,b4c2fb7f1f88ef7970aa3be27c5d7dfbb2ff39352c9cd58192d924e117061dcf,e198279f7e30d135956421044ed62915c8ce3e904edfe111869a159af55f3f74,640,624
21f9ec256cc266d7317841985a3801b495297391e740bd7968fb47c8a8919418,test,34,34,21f9ec256cc266d7317841985a3801b495297391e740bd7968fb47c8a8919418,8f38516b105a9f6095524a5f63a00ad197b7891d9706f3098c8d467f73bfdd43,ebed25ce694fe356587bb9b7028110d1868b30366ead2a21bb0350e1207ef031,e8a89b2f529ac9fb7b05cd279c5ea155fc56a166a8276cc8bdf131d577073230,545,583
120fdb9a5d3d4727b6024007ebf494ad4af3956d1148288b316f04940757f55b,test,179,179,120fdb9a5d3d4727b6024007ebf494ad4af3956d1148288b316f04940757f55b,5ba39db1a6c49c74630de787e75b4df7c1b0d955ee705f3a0cf266652c3a9a3f,8163e66bc158db417b79726a75e842d33d32b3bfeb8c29d9dcfc99adb18e7827,6bf8d5b0454299a1b5162b4159d785bbe023e5909ed05b4cdb653c4e8794bc5b,376,379
dfa55de70147cecf3830c648be00144b790685dbedfe23cecb1befd7c36742d1,test,86,86,dfa55de70147cecf3830c648be00144b790685dbedfe23cecb1befd7c36742d1,68225a046886731c0fe52ca5b06051d1fae7759c89f91e4942166ba1f5a4362d,32086af2c582bbe06a323b1bd4b7229f60daa69644cfc35d0fe7eb2d7dedfcf8,a851f63f2e80e7d7f3a7206d4bbe222e2474495fcb1be90e0401d82ed6d00979,421,440
77464ecc3215782ca92abcda11e72837ceda3fa6ebb70c61eb7e70aa81b709b6,test,264,264,77464ecc3215782ca92abcda11e72837ceda3fa6ebb70c61eb7e70aa81b709b6,8d03f791eaf99efbc827001e5306eeed49459a45a0c9f860d984794310270555,4a3b692a0f42e0594878e32c937ca28ddc3df112c1617bd1f694fe3dc799d7c0,953aa417fe1bedd02dba9473297bc9debc5d12154fe68405964701ebc7ceb265,216,264
ae5e588911f0c9633628bcab760b06d250ebdad883f4074a3b1323c2adb27302,test,39,39,ae5e588911f0c9633628bcab760b06d250ebdad883f4074a3b1323c2adb27302,3169b1743ee9f080d56e67e268b8c41716d550aae2deb753462a7fa0ec8cb467,cde121d9e294cb9c76ef434ffb0c2343c71b55802cff4f9345d23ee5ea96f750,8fa50a658d7fa712a5d69e61b6225cc72fc34a3503fe19f630e8982fa8f0e93d,305,357
901f1a6847d3a8867b1f03ac0d09da3ff2a374122df33389d8fc020cec08b33d,test,389,389,901f1a6847d3a8867b1f03ac0d09da3ff2a374122df33389d8fc020cec08b33d,fa24861bee8c5c58e6ea841a4906468d838d168ce484378e750a63bd6b5a02bc,0417a0f61c0f18f64c59e6009d25e0f72dd91f61942106379106127840c1568b,9599f4159d59959a3bf3dfe090e9e0c959fae2e09277d4bb4f8fe232779b8c66,232,274
95eb75716400fd97b597e9ee6b7761a318ec38970581e25efcfead7d8442adab,test,139,139,95eb75716400fd97b597e9ee6b7761a318ec38970581e25efcfead7d8442adab,8097692ac78f6d066596308b053200643ff12df03eb2da97969eea8028cd9ee5,36c187655a37fef31f49a091e9aaeea99588665fe687051f64737b4038527493,fd90efe52f3bfdc11cd430e9d36a46e747ed87dd9f81177272f827886cb05226,780,784
1540043fa4865bfe6b6693cbdb6eed798eb456d9ed1b93392d09918ab05b357c,test,228,228,1540043fa4865bfe6b6693cbdb6eed798eb456d9ed1b93392d09918ab05b357c,5b37a833211264ad7103f14c8ecb82dec969da127743abfdbb47fdababa65031,705aeac469ef7cc6ed312fd70eafa2e670c60f8211de7adf374e04a213912712,ed0e1de7015b866b4d6bc2dc5caa81d528ae12c0bc3f5a03fd6d51b980667efb,727,756
d49d65cfd453bf25758b863ba29cacacbd26c63a29e13979713667cce7dee937,test,261,261,d49d65cfd453bf25758b863ba29cacacbd26c63a29e13979713667cce7dee937,c95b3854ad1410842cbc8d134b7988ec28b677e4162d371d4dcd2286302cae9f,8d53dd546bf902544a36a37476ae57f066a47db7f558245fc22999486dea43e1,6d38e68eb303ab75c7cf5deb5238638b8e81ee1ad1e1651343e6eebf615acd95,344,355
842a0e6f540da396c0737e6e356ecccfcf709987965b1606d693513d0a657b91,test,155,155,842a0e6f540da396c0737e6e356ecccfcf709987965b1606d693513d0a657b91,60d1130e6dcd896a59a17243ca4911a8065f3383ebb70999df323fe8ae2fa464,414dfa6d67cf4acb82d375f4ebe8beeb759bf7d87b3675f72a4cf533a5ef4dda,fcccc30570afbc05bd6184ce3239200f7944e32be85efcf7f1a7a16733047822,431,451
3576bb61363f521874bafbdd63409bc158c27b09d592df3f38950caeca58e1b2,test,406,406,3576bb61363f521874bafbdd63409bc158c27b09d592df3f38950caeca58e1b2,8aa72a48c83d8099400f3cbbf837692ba3af856911be353acc2322e826597938,91187ce8e836ea7a17faf2997e15a8c7c95ea083b8b28debc1fb9134d537861e,7b4afb4045336b7407cdc86b942edd5fcf29c647c3582dcf05a04641912dffa2,158,175
0481c817f71ad74c0ee20575dd8f8f2a99524203fbec747264241ce28491461e,test,221,221,0481c817f71ad74c0ee20575dd8f8f2a99524203fbec747264241ce28491461e,a2bdf54f640feb15f07735a2c24d84bff78d2cdf0d9eeefced98dec80aee9cd6,c0c18a48b3a0a0ee7691f104ab695b9938c0f7ec547d45c2e7c97b51419fec2c,8e293237ee3b0f9edb71b321b4982e9e62d20106a61109f82790ede7c1ce9193,471,517
47413befbcffdb4daf46a26b2417c90dcc2483dfd6ad0268e5e2991c5b04b233,test,21,21,47413befbcffdb4daf46a26b2417c90dcc2483dfd6ad0268e5e2991c5b04b233,174c122af0f02f5bac98377fd8d6193a418322ec58ed9edb884c55cfc12fa7bc,7652600697f1b4fc7601e791266eedac18205aa46025ecb69290cbaecb6361a5,ee224ded6c3c920856f3afe16f9bab77dd2d2494ef3a3f834ede254106d478a6,192,233
db7dec56a2af2e85e9b7fc644690144c6a312181d4c1ffdf5f496d0c3146c047,test,11,11,db7dec56a2af2e85e9b7fc644690144c6a312181d4c1ffdf5f496d0c3146c047,4cc28868f99730eaf4e1432aa01e24a96e78cc6cca2478abe6f6d733b851ee29,f385fb183f3b77f5200db43b3547ac562056c06d5c01c36599a83fb7e4a83e27,7c74edfb690aedeaee15b8368efd59e1850d1db0eea05f6277a40086ac09169e,168,222
f927d687ec0a8a3d096b2826b641ad65a3a2a9a56b13fce0eff99386d09dd509,test,125,125,f927d687ec0a8a3d096b2826b641ad65a3a2a9a56b13fce0eff99386d09dd509,c36850659965f0f6fa742c0db8f8119e37948a44d0da03d7e13ae3667a4db48d,ea19b4e1a107da9d611658035c567411a406ca8f937e1f6a5a769325117a9787,1ab73cbabd8d3e35063abf36fbbda6828c4bff08d2545717f1ba17c596a9f2b8,308,354
dc98f1a9743844e328d0cd0d885dc56eebb20d21d53093cbd5f0bf4aa5e47e1f,test,307,307,dc98f1a9743844e328d0cd0d885dc56eebb20d21d53093cbd5f0bf4aa5e47e1f,3cb84f397c4d806b5973696b749b9a2903872bdb5f57c5a8b86f6d10cde25d24,7710fa202f3a134d6615efeb647b6ef952c2722da4fe4336a7baee4a9ab125e4,97a4cc0ef4275f8a13863007e5c74828776baa5d8ab3345a1b23ebc8f15b076d,772,758
a15b7f5aca4d44018b319d1bac81fc6f09c7a96ca1a04b1df5de831056e664d2,test,404,404,a15b7f5aca4d44018b319d1bac81fc6f09c7a96ca1a04b1df5de831056e664d2,dc2c69489bc233cc77e0f12c5f79d21340f4001c742ce1afe8de68fd4035e0dc,b49a4b9ea6e601c04b13c056d6568cb4bff41c137df01cda9c329b4c1639e548,986654d08e37b0f81770b7b43c83083bd5c54c9a49f91e9ae5ad0e57df05a0ba,395,425
2125f74f1d044904ba0c5587ddc253604e463688fcb99ecabe1f2957b3665fe9,test,133,133,2125f74f1d044904ba0c5587ddc253604e463688fcb99ecabe1f2957b3665fe9,32b24afc7f6a6103fe91c1a3f55c5fe2d1195271f8ce0d4255f3462615ec44ab,683b3f463c6d2b1929e75c35fbe7e79c9a465d34f996c6dd2da65033e461ccc5,423f37b3f22a87aca2e095507b58813bf70f2968d59bfd460281584e840cd2d5,328,336
fdabf0a78ddb7822e8cf3e4415b1a37c3061653c7a23f860d3bf9863eafd28ec,test,426,426,fdabf0a78ddb7822e8cf3e4415b1a37c3061653c7a23f860d3bf9863eafd28ec,3ee1990331c616d7e9859e3eee009283d14979cb3afaa621dc7e2d9ba7fa1322,2809deba6bb17eb9bc7971a9ef7301e9219a2a6cdd0e831c4c07c0822318944f,80a7c6c52b548b0f487602b27574e1a49a12782590220597124a599989bffbde,183,220
b440f3af813485d084ea81bca33fdecc106e9461211591521843e5e4ac4c3a23,test,192,192,b440f3af813485d084ea81bca33fdecc106e9461211591521843e5e4ac4c3a23,4cfcffd91eb10b10d8ff995fe1401bb45cdac00bf591ca3067314226d1b24177,5747181d95b142ef52e5e7d9764447ad0f8f40165fdb506ab3ac747222ad6b8c,4cde6cf0c744dba78bd7c7c077d9b4f35e77518c7184eb678537ccb2df689eca,126,166
9aa42042ed22c4f5865fd3a9c8905aa5fa27c88edf6106c58d6f750822ff195f,test,120,120,9aa42042ed22c4f5865fd3a9c8905aa5fa27c88edf6106c58d6f750822ff195f,67c431b5b44e5654d5de5c453739f881ce7ece120c3e0fb011211dd14ec6cbba,02547dac6ff8c016e00551d01fed64f6b568bceeccdb124667b61c43fe58e59f,cc595d51fa61d8a97cf78e85f5a998f769cc9a095a4af6d00af69b7378ebce7c,363,396
284b178961605a302e82b5beb7bc1fc5617e61bfaea6fad7ba53fa751b8ff8c8,test,449,449,284b178961605a302e82b5beb7bc1fc5617e61bfaea6fad7ba53fa751b8ff8c8,4b4628b7cbc73715948125a12d8f2a1bf8c1d34c1f3434563c05bae803610aca,fca238cf316a79a8088455634d2bb9a95802eba608556e5ec4bb42783f8a26b2,a272881a3436163a323d0546e1bed598592b42586bc3d0c271e6697276be4ebd,352,390
f418bc73f292975cc81a9c1aca0f40e99f27364fbc06e0e90fb36a514232e118,test,428,428,f418bc73f292975cc81a9c1aca0f40e99f27364fbc06e0e90fb36a514232e118,354f8dd1d39846d1235103e0c237fd60fa55208414a79f36a647a788ae5e60f6,d8250dd3c482f8f38982adbbfda0155cdfc9ab86bfd0a1693ee1939f8cec8b84,843f2830df5ea880530d3007eede0388274982412b5dc8a9fdc3f0a956789b6c,750,772
49a32f7aa9725fce991cb1859d56f8b5414a505caeca120f909017f2493f0dea,test,460,460,49a32f7aa9725fce991cb1859d56f8b5414a505caeca120f909017f2493f0dea,5f02c374c7c468f80b87a23a10e1cad3a4854169847d721fabbca09072c2ea4c,1d27061859d6278a42440bf4b6a77362ae75216c55a110d75dc2c5ca0a417f41,332ae600831cf6e05c1c94e450e5b749b22d2568ceeb0f7dbf2bed1b1576801c,499,479
3c8e6f7c4921ed6766f37a79582e1728ce782d8b885836205a15b0cc7538b266,test,462,462,3c8e6f7c4921ed6766f37a79582e1728ce782d8b885836205a15b0cc7538b266,c7e1fcb9bd88ba60ecc50fce5856415badf1b0e39cb78547fbcc1fc43c4f8919,2da835d80c252091d27e8b7ab507a08ab45c6cac7e338c444e32490e01fc317c,4a99a679c6c057d15c3724e2df9c8fc7bb21f24f87d6c8e5636e2b0406452b09,606,607
fb8c1069b7930594f88d919262a39602696ccc64721443bbd9d9ebaba77de3a7,test,257,257,fb8c1069b7930594f88d919262a39602696ccc64721443bbd9d9ebaba77de3a7,e73d10e90c8e1d8cc3b22db206e0cd3c0c55e9aa241c718e1b9964e19c7e1c26,0d64b42ffbe133e4d7a06b9d814d742c1dd2e00ef5878972becbeef7008dc3e1,94775052fc8cd3c3fb6e0b9b5c8f134d403c75567e7dffa8551436b165a77e43,293,316
4c873ac185288d021a95c54cf6b5c2cd0e24ff7906635171487963e2f4a78173,test,241,241,4c873ac185288d021a95c54cf6b5c2cd0e24ff7906635171487963e2f4a78173,b13f64d1627c95a2e6d19b28872ab91202bf8c71175eafc663d1f57bc5b47c26,872f46111ea8d49da4d7852e2f0acd298f58446469569075c3a514577efc5ec9,1343d9877494df2849b44cdebd6ee7b66cdf1625d0a8480c1882bd7be5437e2b,300,355
0093ee238831ab4670d7b9f84fa8ee326eff2f3da26902448d7ee3a8ce1fa5c0,test,185,185,0093ee238831ab4670d7b9f84fa8ee326eff2f3da26902448d7ee3a8ce1fa5c0,4a5955690dd808d535350878f925aaaa86686f6042aa7f96ddb4b52c1059e135,05e0ee3b4809ab7db1605ec12063515fa627b5801bd05d9a30cfb1710e188410,7c0f1b38f82edcc11846c91ca645485f4e792402ab8adb0ae739c58193dc3ad9,520,519
a4ee5a5341ff4167dd2dd7e8f26cefff23002a3fea037039c001f56841074048,test,300,300,a4ee5a5341ff4167dd2dd7e8f26cefff23002a3fea037039c001f56841074048,acfed5cf2275fd5fa3bbc1b2a46c4b80c0fca3a2411edeb8951504bdbbbbe89e,958de3bfd8c5221427c5dc83ef2ee4b3d3fef23446b71fc98f60b069596123a2,28059956869d8176ab33853921fad176eea96983419bd24fd4353f4eb1603718,570,579
17562c39869a8a957a3d8e85f440c6839c560faa7ba2161643e0ed0cc08df7eb,test,356,356,17562c39869a8a957a3d8e85f440c6839c560faa7ba2161643e0ed0cc08df7eb,988d4538ca8c96e9acdba035be8ff89f310f9942ee2eb3d8b5f7e918cffb6d64,9a7f4780c78467dbc4c754fe193f55fbf0ef057e62b98b2c66fbe99d9867574f,5f913c49528ac35a2ef3dce86dcea35d5cc54de2e85f2f11fc2f93bd5f56e1d9,529,548
ed28e99e58410693b5e9bfae97108ae387d47e66cdb2bc7ca05380918f3186c9,test,380,380,ed28e99e58410693b5e9bfae97108ae387d47e66cdb2bc7ca05380918f3186c9,21316111654e0ba93be8119663138d3edffb128cb337b9d683581064bcb6463b,d9cd342b1434ea2ee987a71f8e0edec9b0ed6e33eb84e3125d6418d31f2fb798,ba9bdeced487a8f7129e36d2aa8f01d33aafe5e46b8192f04712b9233ac5c378,245,267
03aa8f982da3e256a04a950e1e71a39e96e3c633d31025cf0932a3ba07d47c0b,test,329,329,03aa8f982da3e256a04a950e1e71a39e96e3c633d31025cf0932a3ba07d47c0b,ea802e66169bb6b2c9b54bcced42531274540951b074b066c349ea66f6fb6dbb,379cf2d66688359676e1aef9ee245cbb4e00f7727da342d11b9c65064b717b70,0a18f83b6f7f07900ddee9568c1cfe34cc336e20006312f174cbb90a1eb4a5bc,604,602
b95a74b20e1985ae11fb63a6130da633503539cf48037da16ebbca2410f5fc4a,test,54,54,b95a74b20e1985ae11fb63a6130da633503539cf48037da16ebbca2410f5fc4a,9c63196f5007339769097ee652088e01a0334898bf9cceff0f5ee8f1ecb33326,6ddc15f2de9d81be205eee6814947ff8a01992566eb9c746b64ee3fc7c46b50d,ddfb73a149b0081b85908d7599c68700ac3f1dfe3f008bc19e180eb81a7db0c4,865,906
fcf6acb3cff11c06ea924b7fcd06d5bb85873cc3557b2375045570914226c903,test,219,219,fcf6acb3cff11c06ea924b7fcd06d5bb85873cc3557b2375045570914226c903,eddd8bc334dc024e2c154231db3b10076eb280ff35e9072b6afbee761107f03c,1aba094ca1d24c322388ece5cfc5470148581c7120b6cc0a95ed52580a3ceb74,ac5e16aa5c5f2398c156c9c5619c74be7020478ce630a5e1a74e8d481c126708,167,214
5eb3800bb5d80eba35ae56876616fc885eef1069c320e5528bfdefe60e477416,test,433,433,5eb3800bb5d80eba35ae56876616fc885eef1069c320e5528bfdefe60e477416,c6319a8b0ae712ea31bd0f65566a348cf5af05ae298e5b437d6d641d096c5a6e,517293a12eb4c6e417419d8f0471c9d975e956cc5ee0dab5204b382e362cd48d,5539b33a236428c0cc6c3d5c568795cb86459abf9fa916ab4d8fc39bad4a6724,306,326
726323f9dabbeb38c552d8ae4d51b267e58d0e0e1a9e12a5fc5c0b746413d4ff,test,489,489,726323f9dabbeb38c552d8ae4d51b267e58d0e0e1a9e12a5fc5c0b746413d4ff,8e101df90fdbe996de3910660d646f08e530635eaea6052e73e68b8327fd11e1,ca826fec8b7b23c6e4bbe7e2458b85f7fc0761c20286a6915dc6a95330313682,16d246026731c85b386db68fb8250de95c83ffd415f91140bafb26dab4597afb,317,332
32a0cf2bdc46d4cbbd65b0086fbb67076cf244ce0b7de033c73d97097f83ea9a,test,347,347,32a0cf2bdc46d4cbbd65b0086fbb67076cf244ce0b7de033c73d97097f83ea9a,510908e51e093094ce3d1d0cbb100346164b7e05b6d01ddea0e5b4add313b50d,87eb551ddb51a42cf615c47ed3eb5a3d558c9cfbdce36ad9b83452dfdb742ae9,4dafaee63b04ed7b299e7f151de6322152cb25f1337ae7d8258c477c249aad5b,336,357
c8b8bc852ddd8b55407b9316aa385312e3f77344e8328307b41c4a82d9f0e248,test,262,262,c8b8bc852ddd8b55407b9316aa385312e3f77344e8328307b41c4a82d9f0e248,4a0d29e3e40f0532b32e8d34791f643419531d1c627f66dcd0cec7634935f9e4,6a86c0ddae8f1f8368944ac62ce476de4bf40b83b1e8a886c79267d7a34ca5dd,1ec4085ea26aad084d5682e4517dc817fa736864cc934f91ec2c5a2457b9b11d,196,230
484d2af5a3fe6d1145166fba83edd6e10d4e43758768c03b23692ba43653979d,test,20,20,484d2af5a3fe6d1145166fba83edd6e10d4e43758768c03b23692ba43653979d,af5f35b491c641b912a9a4d3c8f7acaa1f0576c925b354384b2f2b40fcc8759d,291c746e23a3b8f473aa38821145ae15083f346f1a77999c24b08a5ed7223233,5306b77efd5f099e1a2ba67f506cc70f06d0fb74a75428ccf7baa88fba5a60f1,392,456
1ba343d24bc47a00fba07c3191dcef4e3a85f0f775de969a2fb48b65b9dc53f3,test,134,134,1ba343d24bc47a00fba07c3191dcef4e3a85f0f775de969a2fb48b65b9dc53f3,2bb05e1fc37c180add0e17e9c28e11ce51f54013730470ff5454eba7ec23378a,cb8c7998cf28ab82dfcdd51868437c71cabe7f6fb47adc66d3587a8a8de01097,044971c7d1036e8ece45e993c1be4bb9fa1d928dd0beda2fc72eb8edf3b542ff,444,476
b0c5796422b5fbfcf1f47fad5e51fc6c0f866f24eb29f757ca261f208235b0cd,test,265,265,b0c5796422b5fbfcf1f47fad5e51fc6c0f866f24eb29f757ca261f208235b0cd,d8f16561fecf570ff420a67b5aea9644fe92a624a1639dbf690f4d8fbfe04c82,7672c077a1937a5762ec5cf7d58d35af121720f436efde4e734337035053699d,2bb4dd6cfbcf4b5ec232b0e07f7e097b639424e7ce27cf3be61af44d59a54210,261,308
b2052dd752a52b640a3609e9c33b58474d877428ec3eec9cc4842bf967d65a20,test,381,381,b2052dd752a52b640a3609e9c33b58474d877428ec3eec9cc4842bf967d65a20,bd3d9e013e74095e880bf10f8141e347055f8443eba8b6f65dfd2cd8fb179858,bbb125be2bd8fc1bee8a866644b9a7ab6776407059df69dea204e89e599004d2,772c8a650519c86276c4a890b3b0ab7453123b542af56121ce5cd1ca6638d4eb,308,330
e3ad65366ff0ac23afc4c72c53215fc0b935e583c6d9e26bfa7aa4a7e82f1f3a,test,187,187,e3ad65366ff0ac23afc4c72c53215fc0b935e583c6d9e26bfa7aa4a7e82f1f3a,3c861a15a88889495280439dd431a88188559fb168837096265f21412f239a60,5677ea6e4b36dc8a5289e6197956209dec6abdafc58d9fdde636ea59499582f0,07ce5fdc9622704c22c475c6ece0b2eb5d4d788121745ed36db24263cce10d0d,361,412
eeb5f3839b711817fee2fdacaf6a83c445f6574f7bd59089f067448170d03f34,test,314,314,eeb5f3839b711817fee2fdacaf6a83c445f6574f7bd59089f067448170d03f34,d364583c93baf366e2b317c6f04df6408cea9b26902fd2af0317ec025ee275cc,2907ab44768d828f9266a8cb0c4d3d623c8e5d38d8f8043b33ed81e3d2609146,dcbfda06f6a200139de97377376508ae6ff8272301f4eb413f0a96cbeefc5678,318,388
3aa3c949faaf77bfe5b5550ed7a1c2e11e2384ce89dc24fe9894fc509edef9ec,test,156,156,3aa3c949faaf77bfe5b5550ed7a1c2e11e2384ce89dc24fe9894fc509edef9ec,9525e581b69a94eb05f363c9096d5afb11811a457befcd2e0d11b63a0e33aaa3,039fd821566537c0622eb7cea0378a63ab3a80b4c2f42ef979146480332422c4,5af8e264468b22ab4173a51171e02e058990860b7776a845f1033597a6460b7c,287,327
5715b80a6b0f727d78ac5538b295739978e69e024cd12762d5b5766f8c0d7702,test,429,429,5715b80a6b0f727d78ac5538b295739978e69e024cd12762d5b5766f8c0d7702,84f51fb6332394dc5e680300c08e8bc3c1cb4fc1d977613bbb3cb33eecabd634,a0b359929708acaa34d0840c126edf5f5b06a376c17b2eca765514ab57a767b1,06d95677cd4274bfb39d9c7ef6b835831c9c0929e6778af87b82296650cc5a5c,591,597
43b75acb4e3e39943638cf20055b860704f2c578a9ed5bc6ab1a6d3fbe78d460,test,466,466,43b75acb4e3e39943638cf20055b860704f2c578a9ed5bc6ab1a6d3fbe78d460,0af5648ff53f2d3e87067f60312c48a303e320fa7ef272e4e9e581337797cd80,cfd3cd68e05d30effcad1a38c40357032bc9ecc733602d24020a6a709ace82f6,9cbf360c404d61752e586e39745c4c2c8c01acbb355201e20c78ac8c810ef36d,164,194
e260263acc03842e993e586c3c8652b0aa5b577735ebf65e270746f017230a0a,test,275,275,e260263acc03842e993e586c3c8652b0aa5b577735ebf65e270746f017230a0a,c634ed85a78ac0ac3c7a4a07eaf0b8f44bda2ccaf87ad3154b3a4c87c739fb01,ad968ff8406549cab97c8f9a24f449ecf976af3f0e62f52521a8eeeecc23f728,c5299265a70f7d361035e8d2e4c98454c257a51806372ad72a610b23a3cede36,368,378
f9ad4c79b597262a5833a2ad4cd67d08d5f50ec971d498076d2a1420801f1916,test,9,10,f9ad4c79b597262a5833a2ad4cd67d08d5f50ec971d498076d2a1420801f1916,688e8c93db93e35accf536defae7bea1d18a53ef4f1a7e37da2083c7533c570e,bc2545fc6953c6ae3b0602e916962fd48faf3185da38a458f30f6dbdf57d641d,50d720d896431b4085361cde016d7ee11d6939c7f9e2e5a2b59310b585e20432,727,683
3ea48511b37b5872ce762f4d2a34da35f3319fb05d96664d1375edd3d97ad6f2,test,273,273,3ea48511b37b5872ce762f4d2a34da35f3319fb05d96664d1375edd3d97ad6f2,25bfa872797b3104a2ec5a30afd18678d886fa5d2b856841686edb4303c280f0,a4cf93aa75b24e8c138eba6b64979e25c2fc2cb8b1f647e817154858b08f3faa,9b4a7a8ce611a4ad27376f80c1046bac111f55b226a5bde20d80cf7fb782ed23,648,626
99de34a4d12a1049a8202bf1a3c3540c5bd40f52d446c1990d9b442244424ec1,test,409,409,99de34a4d12a1049a8202bf1a3c3540c5bd40f52d446c1990d9b442244424ec1,db5958c8a3a7f022541e1b0d84c6de3c91cf7123077d958704a55041694688bd,e91e0b588e8289e649695e81ee2b40c4f20754b54982648d880fc6c9c237d186,1c669e3943d583f2b23426bf68c3c9a0796fa7312e3f99292325285bc7eeba7b,207,220
f62c3038d19bc9b93d27fd36980db6114cb54425256b0e6eedbf6583ed94b7d5,test,152,152,f62c3038d19bc9b93d27fd36980db6114cb54425256b0e6eedbf6583ed94b7d5,212914c6e05d8ce4b52f18445c78af0e23306dfc6616a8db0823f468b0fbf389,25cd51c2db0a7e9d89f149beb8b20803046a23b0ff1cc3dfd119788a42704e19,afed3abcd1c321dfa759b07eb1f823af6750a0585cad4ddc728fa4677223d7fa,319,323
4f8d5dfa139ecab06c28940486045ca20969d0d8d8e0f6eb12e207a7a9ac2d57,test,480,480,4f8d5dfa139ecab06c28940486045ca20969d0d8d8e0f6eb12e207a7a9ac2d57,a16be7d8e7218cf52fe5933925651bb110c3cd681cb47b75f0fefc04d2d67b11,1fc21227301b2f094a0a3081cda903dfd471328323e0cad79a5c412990ed7112,88c59ea4523be1a02202cd72c1fcd2fd4f6a172ce3b65d9d22b66efae56b2d6e,303,310
c9039c5aa24c2188752f93c119f45c21995bae15bfb20d6d2694b13f7842df22,test,332,332,c9039c5aa24c2188752f93c119f45c21995bae15bfb20d6d2694b13f7842df22,43ff756ee02c9c87a48ce294c6b3a7493d96b072c39df1ee864c0436b498daec,bf7441e7b663c20e8855905406d6ccbd125ac142a742b5bf4996c7e698026dc9,d54f6796fc1fb59b543f4f15fb201c2561b22b44bdc3951c11332f980d12c9e6,306,345
b121a7d9e486dc739624a671c38fe41931f2c23e97ae6d5fa3d1a755905bf0f4,test,337,337,b121a7d9e486dc739624a671c38fe41931f2c23e97ae6d5fa3d1a755905bf0f4,24e9daa869ac0de6270c57c497e565d6f944d698d8fca7473b718bb23564aff2,b78c9697bfe83eb86e520bf0d2c2598b5fb6ab267544d319cafa4c70a9803c80,502f3b0727eb5efc4c5d4576462448ff8ed8aff0974e7170966da82973b61e3e,189,215
91427138783d0a4ffbcaf852c5f31557585cbae1cf6abddb78b943050579e54f,test,214,214,91427138783d0a4ffbcaf852c5f31557585cbae1cf6abddb78b943050579e54f,7ed30c53484543b8d5edf97dbb80649f30900d9ac2ea4efb7f3e254cbafc998f,aa4ebcb3844322dd552097c03cab6f6765108b176a58300883e6d1b9e08b0263,97a2cd7d0f6a67088835139419ee5e292091a05019574c4792a5ce34f94d7d12,303,344
e6d110dd81fb4669a3ad5b8f9af1380975579474b2ef1ec999427a2b814206d2,test,2,3,e6d110dd81fb4669a3ad5b8f9af1380975579474b2ef1ec999427a2b814206d2,37cc740f76eeee86850da6bf3c8ac96af39ee607a1d58a49d81333f831718fb0,b888bb8ae9e4684f7dc4c80ecfacfadee0d21bae8c2ffbe154f79a8c4e4673ac,a4adbe29c010ef520fe4d82b3b4ef073acec209b2b242dda6df35246c31558eb,297,328
9a3a3e560a85a5cdb80b0238775a8be9f6beb94dd3f1dbc9ed8da4610a210ad1,test,55,55,9a3a3e560a85a5cdb80b0238775a8be9f6beb94dd3f1dbc9ed8da4610a210ad1,c33cf937de3b9ed85bbeb0c6b51471268b07cfeb9c4bab53c7052f60cda9914f,a77b6337b694cb5de7f9d659221835ef0b56ab7ed007fd3f7d5d67b57b49adff,f39097083db45dd21ca9090c4506be8d101fb9adedfddadc729c65e9d94de0b8,389,429
184a4e66b8261f24c895136fe28da615d08e846eee7451458918e3dea98ec27b,test,351,351,184a4e66b8261f24c895136fe28da615d08e846eee7451458918e3dea98ec27b,cf9bcc92ac0608ee697eec72faf46cc8a92e03d2e341f00c01d8ae152f2244a2,6b3e6fb759601b57e418daa51515b729481ba9a264a4448c0c85d327b046e66c,f206d9ffc66755593d89f29aa4f3e7db2e4843de216fec85d46474106d09dded,436,510
d8a1f753212b2def338ea15a43026a603c85db78dfc3db43551326dcb5164dd5,test,253,253,d8a1f753212b2def338ea15a43026a603c85db78dfc3db43551326dcb5164dd5,4df726c624a81ddb8365905d8c3f4c97721740da5060b8cb5d477b0da4a2a367,ab681294ac3a4cfb8a635e3bf87a7f0681dbe4c4e4d8b8c2b84f3e40e93d4d0c,fba76db72325d785ba61f1dde9d74f7937ab8b1528ff53d0d3ddcea09ef192e2,287,312
7ddc5f882cfc06b653f1b1b5332cb755409a6b9b96b82e9b500428d625dcc0ff,test,331,331,7ddc5f882cfc06b653f1b1b5332cb755409a6b9b96b82e9b500428d625dcc0ff,6433bb7cfb47d06df05dd3e6f318675bb0917a23bc705d92ac1c596a3f72be1c,4d168d82dbddb79cae92d8e8623baebfb6617bea863b48aa899ecc962f676b89,8c8adbaaea129c839e07104ac93389b77a96a02bbb9aff1a31595779d7c5f610,301,347
733d79e88b331b145931d967bb71e5aa63574e847ff9786d2c2fade62dd0b20b,test,461,461,733d79e88b331b145931d967bb71e5aa63574e847ff9786d2c2fade62dd0b20b,c6b138ccffe1741a886dadaded1b93a0449967c83544faa2dffeefe18b939cd4,9eb074181a904da78ebe72db4973bd5081082612a1de0e8049889ebfcd6b59e7,dcdd2f3ef00d35120aa5b05119dee48043109c40573db2fa4e439135b9ecac57,379,411
2e6e4232c2979b0fc6832967b45e3d5e7ccfd51539050e9be66d8e4d3fe890d3,test,355,355,2e6e4232c2979b0fc6832967b45e3d5e7ccfd51539050e9be66d8e4d3fe890d3,b486c8259acee9ea66e9a44b3314ec3524282c0b8a4774db36f13ff242eb99cf,c82626041856c8b35d53d5f25f08f32bfb560f68298232c5f27403694d3f60f1,a5b128d573987591976f7843519492e7e4aff9c1103075314aaf6f10ff996ea0,863,639
e9e77ed4c456887c38244d9cddf54f3e6a05e20803fe36ca6a95e69c5ca88351,test,122,122,e9e77ed4c456887c38244d9cddf54f3e6a05e20803fe36ca6a95e69c5ca88351,4c91fffc21bfc82c99fa60ee9189e96f86805ceac658d1b43127725ec2180c48,b9fd5e05fa4c4bcf362f7a70024a541e7fb5269f4a3c33c5ac8f4acb6f19467f,f911eaad9a7b5520459b0a0275acc00a21e66a7b9576ac6f5135a3fe4893b5b2,302,326
0dff856c93fd296c7ff16bac660a07539047e2d8d262792a6c4c0cad9cfc3a49,reserve,93,93,0dff856c93fd296c7ff16bac660a07539047e2d8d262792a6c4c0cad9cfc3a49,7f06afda510f8ee7434e62eea6c384ddecce59564c4354b9412bd07b29df9fa2,992f815f098ac2d7f92379668917becd370aea8d9e6792b6f6ef3c143d2adf8a,f387c70d4462b6aebcc3f0cb9f673f711828b76ac40cbbf7f4a389d72381a1c4,675,688
e79fbb8bf20bd9c367e3dd2f29c2870ff2f5ff7fe9f56f541b46e0a8d08330dd,reserve,379,379,e79fbb8bf20bd9c367e3dd2f29c2870ff2f5ff7fe9f56f541b46e0a8d08330dd,5b4e29e40d7433ba728dc4ac83f53fae4e6590a6ac0a7f6e9b80b1df7a4f7be3,c1e9dac941c1bbb83121b0869fd90203d73b81c782122e3189ae2a4bf9e285e7,6383e0cd78cfa503b66861e5fadc5cccb72041d753a3167c7ccd738a1fd4cf5c,367,415
cc1a815a67a016259d718b6e2a8341cc86bc2d9fe76818106d201dd3e705a51c,reserve,186,186,cc1a815a67a016259d718b6e2a8341cc86bc2d9fe76818106d201dd3e705a51c,26899cddf339625893ba10d8d839635830a7d74d846928aa58a50016d6bd8494,1be01e517504551d30bbb58ffbcea353e0bae2775b1345e42dcc33324a471ccf,be71dd5ab9bf21f92281d467c9f44a3c04152453e774e1de2a4284c5b9ef318e,474,473
a4b0deaba85214a5b1efeaa23cf6dd5b4de6197fd731853c3dcf0673e61a0c35,reserve,284,284,a4b0deaba85214a5b1efeaa23cf6dd5b4de6197fd731853c3dcf0673e61a0c35,3b78fd542696a2bc3ac5ab7aa67574f1e5a3a3c07df4e2d526b950555e09d78f,ce8fbfc6f94a2d4bd89d5114e4577db0c88f67a160e460ed6cc079f0d09fab61,4f7215a51bfeb0ff64905316d1014f824e358812a4ac84e7064c67b519bde119,595,613
7561a067478a5b6b33bdfbd774da59548bfbe8986c779dc6226c07c13195d274,reserve,292,292,7561a067478a5b6b33bdfbd774da59548bfbe8986c779dc6226c07c13195d274,9e709685d3c87016a7aac93c00f2425eeb48871b416084869a3c929868297cb4,5505db263c70f6405237f439145e31aafa3c5f1e30be64cfd2bbb9cf53c53b91,3b4b80c3b96b2305adbd0b33b4f6f745ebaffd45f14c9bee8833d3eb40d29574,202,235
8c41f50c3a5d9d103ce4b5e2f3d3f9972f57a81f1c4339b3d50096cc416307cf,reserve,327,327,8c41f50c3a5d9d103ce4b5e2f3d3f9972f57a81f1c4339b3d50096cc416307cf,f36a9bae5178ddaa6fcd93757050b13beb984c6a20f0f070e3294aeb83968687,7c113d86b69caaf7e0257517d4bd5fc091435873cf7f211b0d64e24bcf4fb6df,091e4b31ae8723a6208edf4078391508fe6abc0ab3ef350717042641cce841ad,673,647
2c6e3798d522afd557af57b656af50839facdf7fb7460f72bd3fd29b3c727e07,reserve,348,348,2c6e3798d522afd557af57b656af50839facdf7fb7460f72bd3fd29b3c727e07,9cd5adb562767547c3bd3fdcc3b4859766549ee79e038488118f180e1270fdf5,269952601c9030a45018be8e4040fd4010ee2f58f87b51badc7bd70c8686d7ff,0b4b94dfc4b58fd7ac256ee6d6d8ee4ec577f8b3300904ea2bd576c6970fa6db,253,285
042655abde6bd464fe877eb4b35d79113d075d367d4a690d4e50c4a2b3c115a6,reserve,267,267,042655abde6bd464fe877eb4b35d79113d075d367d4a690d4e50c4a2b3c115a6,7bb5887038e2f81692d47224a568150addcf86b7107bd726aaa6debe28b2ca08,2b02fec9759108879a4c26dfb5ff0bf12a95f8ffe2d609a584d2e6319d9c957e,6766309b061cfd3973277d348c3d62a2f18bc9010f2b8e08a6b2890a46958844,230,268
213d174cc8b3d78ae1f39c3f8284615c3b9a7d8c9dbfb68d7e84c21d9e8ebaab,reserve,488,488,213d174cc8b3d78ae1f39c3f8284615c3b9a7d8c9dbfb68d7e84c21d9e8ebaab,e838b51c1441ce8d0388ae4571abf607c94edc393f468a21bba40967e780d6e4,f80c3606537244ab97077b956dd54e8094752308792a59c7d793ae05cba63275,f6d465201a45e82b2260211a80f50200b24c71d546b841828fac65aa7d7a6703,379,421
8b91fe406273ec5ce122cd6c2aace588b8a04baf28c3452062df93287c435f5a,reserve,353,353,8b91fe406273ec5ce122cd6c2aace588b8a04baf28c3452062df93287c435f5a,bdb3d5ff960f5369ae7b34f689128e4234196029331ab85bb7b7545fc3f060f4,e4e813c53d73f79d728a90ccb10da6e0c04735c447437f3c01579d2196f007de,04f00d2da4bf2faf1ed8f34f5449fe12e3cc1005833b3a6b6485cf50f5f59746,201,254
d2e240a23870fb1d700c4ee3f46025971e9708b3a42f1681ab3f1c548279cfa5,reserve,235,235,d2e240a23870fb1d700c4ee3f46025971e9708b3a42f1681ab3f1c548279cfa5,21883054d944ff941eea5eb3c51d73e125f4008c8dc7d62813cc5070455000a3,245ba2f07444ecf922dd92a69924b6741b4bd2e388e97d47152de1259d364076,f4b44255d14bc6f8a98a4ce58b23c2b9afea0f90d46e73c8e5e537a0040a0adf,343,368
1f96f01545338419b395df630ef70a1c56e2a7e430cb73966aedd281f96e9f25,reserve,182,182,1f96f01545338419b395df630ef70a1c56e2a7e430cb73966aedd281f96e9f25,1607792b30d4fdbdac15b80a039d7bdf45f86af57c7673cae5d393aa8470c086,3c9ffb3be0514da5e1ae73a7fc442574cde588cc3181d1e2d3c6be16a16e6dde,ba6dba4fb8d7868522cef766178d0e4eeac42708b10ff4e5f051de92af3b2b6c,247,269
b82286221ff643e15df58ae04452201087bcd33bcd88ec7fc5bc9a0b6767988f,reserve,420,420,b82286221ff643e15df58ae04452201087bcd33bcd88ec7fc5bc9a0b6767988f,282c8556340bc58107daa8df9e659efe763820c783afc856c73c8ed4b333e285,ef691feda1cc07d3d1a401450455e4f3e6431c8a5e4e59fcc1ba0a09a1f88b84,e859acb3818359bbf9284b48badd2ad05ca3023404bde87a143dc70665a6f934,196,221
908e722d9e276c5b0a41af55f79a4772957cec34a08d56dc32801438e156b215,reserve,319,319,908e722d9e276c5b0a41af55f79a4772957cec34a08d56dc32801438e156b215,c1e6722f0909a925da027287c11839e926260aa8ae248d23b64b94cb8e3de5fd,3fb99601e6e0a6ff5712e47e5be72aacf105591c67dc7efb93d646b02eea8d3b,e697d4a82e22193117cb4e708ee86b675b47c66e52fb5e39aa9ac7c066f0e7bc,495,469
a3ace14c6624e15ee59934e61e1d5af27e7a81736fc73f37fb8360736bb55504,reserve,110,110,a3ace14c6624e15ee59934e61e1d5af27e7a81736fc73f37fb8360736bb55504,2b37239aa113952cd68d452c8727c02ce1dc560adcfa6db0d801e12afa772e90,ae3c57998159480c36906a6a4383953bbb6619565e725a691c8dc7f8baca3f89,fca594d983dc1e7b75c92587635093c0c003ecab69d1f491a2dcb824b3b9aa72,453,473
20ea89b9a082a9ced9c1db4c0b3a0c3e0abb5913c225b8e2cb049fff64f32a6c,reserve,144,144,20ea89b9a082a9ced9c1db4c0b3a0c3e0abb5913c225b8e2cb049fff64f32a6c,461026a667676af788770de1fa12522d9d0b55b23e59a67a1c5ce69e50917d1f,9bf8b3698b4235b87fc4350ded5cfec3061b564908bb474ea6e5fe539df2976f,4fd735e5e9257b23bba78e9dd48ecae92f84d5de64ff701e822b774aa9bd3066,285,313
db7bb2c0a88cde1a83fbe01a4731159c24b9856456e3949696eae964c77f7f90,reserve,72,72,db7bb2c0a88cde1a83fbe01a4731159c24b9856456e3949696eae964c77f7f90,55ee1f77025e80753c4d2b183e99255277167e18428b88ff0866473a8dba3a5d,a8254e4891d26bcdcf4667182875455ee52def89edf2f45a6125850a86da65e2,677e34200b5cad7d54de744ce690df573fbac6861963846cde7755f240545379,329,398
f356ddeb400dc98826c351c015df9bc6294302b2959ebf64e9ddb191890b6bd2,reserve,104,104,f356ddeb400dc98826c351c015df9bc6294302b2959ebf64e9ddb191890b6bd2,83329a040965c0a9a5e7051034b12a80115971fccfea36c92c12290373f446f6,d71fe423f5a8eb2a826a535aa5a48b204a5bd87f46623041c61d648038d6acbf,a816764c65f22ca9e403907c1df43f26c23fcf8b96b3e0b01074653199b96ff3,529,547
c37c999fae67dec9820bc8124488116d35530fa0b613169af31f7bca1e4fa551,reserve,167,167,c37c999fae67dec9820bc8124488116d35530fa0b613169af31f7bca1e4fa551,afbca505bba435a801b50f69e918a517d15b13a1f88420dbf826bfd4cabf9ce4,55f88a6f0c0b00590f5d9478e5399a1a450cc20d6e1f735e33ec59dc2715d606,dc74ff1d76c32b8b9ed7542cbd0a6ed577147d64c0328defe66b3e29a2a9c2d8,418,372
00308031cdd293905c915e3a22b79676e3b1cae7fdd397d94ebe8c0ec8a4336b,reserve,450,450,00308031cdd293905c915e3a22b79676e3b1cae7fdd397d94ebe8c0ec8a4336b,56dcb8da40b3610bbc1ab78baa8654f742aa4d01fb2185dca706aafcc7bc511e,9d137f1b5e859109cad9215ffa028a556c105d5fe976b72104eab0baeb57a1ac,d1e90ef1ca2d95b97b0f22c201872fff555d890ec1e9c4946b9cc1368ed25424,232,268
2272bca9c91b6b6b4529342c240606c9d258f4075ad72a947e3270fcf1fa9075,reserve,226,226,2272bca9c91b6b6b4529342c240606c9d258f4075ad72a947e3270fcf1fa9075,1a26decf04fb63c387c40d49f7d04e5ceee9a7e014ed512cba3889b0ce45da72,2a2c648dd6681b4f48dc23fbbefc9eedf033e05cc5488afccaa34539c59ab1c7,0ba370e60cab92b0cfe7bb9963c05c6f50bbfae07211874fa602244247c28906,572,577
c375e536ea8b393b49d3a130f254bc598823b405f7d6d490f35a04603197935f,reserve,470,470,c375e536ea8b393b49d3a130f254bc598823b405f7d6d490f35a04603197935f,877a2f23c3e7d18e0c3feb5a409c0e765db0d7c50557af4ae8d3d8ba293743ee,9a3271f6ce41ec5315bc99e8b7b7cf51079312050ae65b61446ce6a1e51bb9f6,443c3ce83697cafedd44b720c62b19d1d1ec4fa875aaa81bf82ef686e5bdcbaa,579,625
d93d80b79eae7f05fd508b87d4b6f999e3c73b99967445ee39bd9c860901644e,reserve,427,427,d93d80b79eae7f05fd508b87d4b6f999e3c73b99967445ee39bd9c860901644e,ccc99cf34e8e91b76d765eb8bf9085b3d0644054e44e1d8e8d4c967a8687b0da,c5d59aa4f04c1df2d1f5eeb05e62405e7ee8fb2d8148c261eceef29b2249b098,30c57be3c213a0fc270de930a6fceca109c6284c5a81f93479144352c5370978,299,339
dceaede523a33fb60beaac0461bbf5d81c920d85ac65a9c532af7e6f50da70f9,reserve,247,247,dceaede523a33fb60beaac0461bbf5d81c920d85ac65a9c532af7e6f50da70f9,25397732672a244cf77c953e44e9c4d02653483b19b14919e7b63f12394d3e8e,790f77a3186e3db619643848748cb719b42270b800406050d99a57e4842f02c8,d40a3b6f3c222acdc453728e4ee17421bba50a79c786fafb59a63c89ef211255,405,397
ee6375f2c15332fec663c50073d5fecf7c55760dcf4ed15a943fb15eea8bb873,reserve,220,220,ee6375f2c15332fec663c50073d5fecf7c55760dcf4ed15a943fb15eea8bb873,97847fe27febbf136522f61c5984e147929f284547e821888d69848fe71ce3a8,0079baaa3b5e0d7a5c2dc053a174a920b6a858a45b88ef8f22a2c56ad7e19d71,ec39b6f114cdec174333dbe6590d8b8bb582cbda813589930a7b6c396466076b,179,216
e1c2b4d13566d8591645b9c36ced2ee6eb3771fcc0159beac5736921c91ac04c,reserve,232,232,e1c2b4d13566d8591645b9c36ced2ee6eb3771fcc0159beac5736921c91ac04c,d1b4f4c47557aaaf5139db9fc5ea1b728c21fa40c18d53df72b6e3a1f686d117,0dd3fd2fb6bffa18d6a898ff33472f3a87010a587082b14e8dc771170a211755,1f4cb257901230e5593edb5e05c671cc4e4f0725d827febfef521b514d33eb9e,471,480
d779776f44c3fad0ea60e5ee788a031dd85efddc41153435bc3c7c4852437008,reserve,299,299,d779776f44c3fad0ea60e5ee788a031dd85efddc41153435bc3c7c4852437008,26a2c9687a8b02e320cb9e65b1fcb9a8414f72c69484422e7ec0c1e7c5244eae,a15aa2bef1c42776b991a8984a25c52b22e5ad0ab864531031cd0bfe960667e7,9195248ef0426bc362df8ae5a1325b055aac0f416a9699b47a25e54175b1cda6,223,232
c8561ce4d6c5ab793de3bccbbac54d1f6e468cfde00b3bf5a689b710962df858,reserve,154,154,c8561ce4d6c5ab793de3bccbbac54d1f6e468cfde00b3bf5a689b710962df858,0d6013a182db8e34e0541b2dce2b1076fba74ad89904044c30c68fa38aa13c30,8a457f8164672756d5fbd843f8853845c2da63a706df7cad39d4276f1e74298b,c9cdee327827b56a35c27a8d6778a099d4febf53382492156acab5fc72183b2c,503,497
f7b9a23059f88dca0c1605c373b68600247969fbf47df88a5ef6cb79d120942c,reserve,414,414,f7b9a23059f88dca0c1605c373b68600247969fbf47df88a5ef6cb79d120942c,6168ae3c302face94b709ecafc8fe811f2a21ed1a98951ae7043227f90f8d0ab,5bdc0745323363e062f03f081a2076b1fa5beb985ab665d93c5775419f9b9585,04e3ee5e1a71155b4a8fc294aac4f9141c43fee8fb83fabc6a80c792923c0b9c,345,370
2493e3d2a0e077d4d8f287731ed3e3c4499e9dc8e048daca9f557d97b53f213f,reserve,498,498,2493e3d2a0e077d4d8f287731ed3e3c4499e9dc8e048daca9f557d97b53f213f,5eac918a1dbd141ecef34d1343dbaa2fc9f02541ca3ce8efb3b43dbfc0a8bfee,185f4e9b41359cc262825a24b65e2f53866b48a442faa50251cf4e6edb619bf9,d11dba407d76b1b496ddf23ec94b8174dd38378caf0cb15d443b17e3a78b2d3c,568,601
31b1d334c16670fefdca90f8b24feda1e99ecf452e73c5b1483c5dd9adb5cffb,reserve,316,316,31b1d334c16670fefdca90f8b24feda1e99ecf452e73c5b1483c5dd9adb5cffb,19cbae73bf079d171a0cadfb77bc893238dfc450bd9c1baf0c36177f79e016db,062f429a794071598805c4acaffb5b70e0eee57a5cab8c0b62bf8c7b97cc35f8,a8005d70b6bee28be80bdc2ad5f4a1d7479ab6c17de0b5f05a3c52e30b271efd,230,247
7e66fb30fdc6c854656fbb81b7e763e34b65b58bf201bb9b7822af634e869429,reserve,268,268,7e66fb30fdc6c854656fbb81b7e763e34b65b58bf201bb9b7822af634e869429,29aa690e3b69cae389f52a27be44141c8f462bd982d971debb792c94ed021d87,194f273a15aaece00556c4522bc4968683356bb95065e752dc6d83ef15811dfc,e39dd541cbad55942e0e2e42de9c243ea07e54888c495a601237e1d4657bd336,544,558
85a6c2ed799683f4d6a4a986e8e455fa62666004adb2a27bff468a77f4bb4622,reserve,147,147,85a6c2ed799683f4d6a4a986e8e455fa62666004adb2a27bff468a77f4bb4622,26fd8e969ddcc772f521f6b4b024327ede9fd670025f201aaede4a705d8c54c8,f0ea6807d322a8bd8e16cdc6421d5bac44f1ca82495a3acccf5dc70cf842788f,180f2835d6c8083a557a923f3dd2ac130d5465cb395275d01eb5847b97ad03bf,180,220
a7245703eb2a24492860c2296f32b82f2fdb80379ce2484ae4aa72c8b3b0ec93,reserve,157,157,a7245703eb2a24492860c2296f32b82f2fdb80379ce2484ae4aa72c8b3b0ec93,2c4c3aaf8271fa713e3e9f1f83b8ef44c5c8ee4b17e99e59f440d9326fe406df,3818b84c16ac8311b0e91133e14396c1ac1a43ea63f2b19ecb6d3f7e908d5ad6,4d776f8c5777f0276bd85219966376c7ec2fbaa46901b067eaf7d58934e1e2bd,407,440
20d1748a25b212cb523bf3c19ce5688b22e856e6e891ddcc86dc705df022ef15,reserve,439,439,20d1748a25b212cb523bf3c19ce5688b22e856e6e891ddcc86dc705df022ef15,ccfe2877ffebdf3927f329311e9f17b1013d5049f2055b7c4ca49b8a3e0dc440,17500a1800cf7482c42e544d738038a5814d2c8bfbf8345625177767039e0180,4aaa9e289c0a0db57615f4b9944dc2d9b6226200899ff16a922f9dad6f80fbe9,305,348
88548708f730892f70f30b942fb0fc72cdbfa089bfe890ee54fb9929c6e4be6a,reserve,295,295,88548708f730892f70f30b942fb0fc72cdbfa089bfe890ee54fb9929c6e4be6a,8aa99d793c6fe4bcd2ffab16158b0d90da5cfac7e332c1436a32ca181cfd703c,2678578260e90c76470a51b690aa340358eb66a3939f5c087799ce5eb6a05797,ef3b7a9d046b00a97f7e4e15fda2d99893d6b8a35aa2d6ab135bfb6040f5fc04,568,548
d11b26831ce329a944461edf4633f41aa3c730ab17b99b7c5e48392b9c378cd0,reserve,25,25,d11b26831ce329a944461edf4633f41aa3c730ab17b99b7c5e48392b9c378cd0,7e50ef5f551c180064b38b63900873b9d8b2790034f4f431bdcf3d37f30c8983,ffe590019d1a74f9dcbd9e3ed30d6c6490c3ca344ab9a3234ac613ca8507a675,0041afa493483bce4cbf9271650dcc04a044d0bbd9170316c8630786ae177e71,310,331
9a5ea0f0a48b78996384f4c5a86485955b17c001da02e12571fca9f7897d07e9,reserve,328,328,9a5ea0f0a48b78996384f4c5a86485955b17c001da02e12571fca9f7897d07e9,53eed7d8c2d5eafdc12668f37bb1404561aa4245b87965697335e5294afb0050,06336c37d0c34e91376743a741dd4cf684fe821dae21766fcfa9a37719fc780e,0f275d8500f3d2f5d9a833165fd33df2d97dc407029e8117399b7886cf30360e,449,473
9d6f5bb5220dac9c63c2401bd2120b6cd6031f48b7b194766660309461bfea71,reserve,121,121,9d6f5bb5220dac9c63c2401bd2120b6cd6031f48b7b194766660309461bfea71,4c343041943892e5163e87229dfedb41d60170d083384b2b8f665da4e59de7a8,6795cd45dc4ad4fd4dc3bf1eb877ac831d85d9080893168f937e4085e1cc8267,8f46005bee6f7f05c70084f0d7c3e403dc7244dde1858d1224707dfde331bb22,590,537
1b4e062bfec1d3cdc2bac3a66c7247ecde7b8aeeada55683c01aaa763d119019,reserve,323,323,1b4e062bfec1d3cdc2bac3a66c7247ecde7b8aeeada55683c01aaa763d119019,586e8ade7d16aa91dfcb3e24d40ca40cce3f5ab5ee43c30d9d8833b071b6d264,cf3fa05436746c4ef1f55d657937a3b7b629487318f2ce8008cf70c762f6ec06,e351ce1ec1fe02803e91aa713ec730b357d7835293530c437510971644e7f899,513,531
de2ccb4f3eed358f8351976699df3cec6a71fa4d1ded70046a4da4eaee0d19bc,reserve,224,224,de2ccb4f3eed358f8351976699df3cec6a71fa4d1ded70046a4da4eaee0d19bc,8e0eaaac8cf98aac5b8181ad4309a37d6e0513e4e1cef3fd7e648a46cc1f2504,3fa4aac891a31b7fe2600a518d799248e2819b9675b3992dc7fa24c2f74e2b7e,e74e7326d2693d682fcaeb7ca80816878ac24dfce836e8420b40cf46e9af0df4,642,666
9a9455032268de34acd8dcce035239444e4c04435d2dc8ea029a54aec30f6f90,reserve,256,256,9a9455032268de34acd8dcce035239444e4c04435d2dc8ea029a54aec30f6f90,03ce6f11a55b5813d047aead0ca48d58afd4b04e07a823e1b5f208d19ebab5ee,e9a9dd957a20744187b54ffecfe8766df61d8c57a8bcb8e35d4bfb2c11af46fe,b2e9c74704d98a52db69767697597565aadac7fb92309c3d97f101c0af0668ae,173,207
5252ce01a92bfbac0a0fbf10c4e987e0dd3f0015987b84eb7fa7e8c6b45a8450,reserve,415,415,5252ce01a92bfbac0a0fbf10c4e987e0dd3f0015987b84eb7fa7e8c6b45a8450,e0df61f6618822c29dbf9a849ba13d9b33e0e7d47cf4f3b935cafc15b551504d,acc9b5c594451b7945b95374b753a18d69804d00718dee6fe4a21ebece57c9e1,68066b55aa4888552b039cfad7cb698e7e451876d4a8c5bdd5c144d8aff56e38,327,371
1219b8c070428dd0bcc12e078d0716d4d8d18e7114166084be38f98e3417bacd,reserve,98,98,1219b8c070428dd0bcc12e078d0716d4d8d18e7114166084be38f98e3417bacd,c3c069ea8aeb76140510db3743ef2724d29a0d0f7d9e7a3368fee90702b5a887,524b91c58e496dac17138529f1185c0138b198f2ae72688c08c6ab04f02ec1fb,155add5213cdcd586664d289d133c578929e6ee90b28b10bfb124158416b648f,156,171
b8e317672ba05b9eed38788ea65e8302086d4d5a9f5a192860023758bd417114,reserve,163,163,b8e317672ba05b9eed38788ea65e8302086d4d5a9f5a192860023758bd417114,6128189e398df81f9e2adeb785a9fbf6f415ebcf60ecfacf25ad67823518fbad,9f1b1e02e53915057e9a45c63e618f1eee6d33d77150d1e5ef70ee7b36046cb2,083d6340b777725a4a330a3e04bf346d089820a8a9d96b2e160f3ebd22a8adf7,1034,980
a259d3c48f6cf19fe85021adda0063d56684761df7be6ade8fd65ae1b5ccdaf8,reserve,410,410,a259d3c48f6cf19fe85021adda0063d56684761df7be6ade8fd65ae1b5ccdaf8,f424459af1df1b8bfa9a255416923095d347da927c2916bf904ff8a10d9ceb87,d266b7fd9b66ec0b2b6e3a1d3f588cd97350eb979bb0bcdd78a4339b6d458dde,f0acee35c5efe5bbb25ce389e91fc6798724cf038e8cda3f0908c6eab1b0278e,476,514
3f25b41b17abdb7a1bee42fd7acb06110210eb8535460eec1227dc46d599c4d3,reserve,105,105,3f25b41b17abdb7a1bee42fd7acb06110210eb8535460eec1227dc46d599c4d3,c118e45b433a1474858de0214917a9b5995448245f1599f5f24040bc09c6b660,a7e0e1fb6ad5eb48062677cae2d646b55a2d66700229df5787655160a1b0dc57,8a5ff2ba317bafb2dbf5371b3bc70edf8eb06d888847b1b2a20502909d1a98c4,184,225
322009b30661e8da928d87d83c7c8dfbcd6c4d275191c5ebb9139877835963ab,reserve,263,263,322009b30661e8da928d87d83c7c8dfbcd6c4d275191c5ebb9139877835963ab,87485e56c6d2baa44ea720cfba4db2fbb49f8ee59f38fb6965d94a0df9f9b21e,5539949e920bddbcedf0b18f4d8af814894a1c9f3963a11ee434548bbffaf6b6,82765250825976bb4b5146f2446fd9b8d0f8efb02c1b456200103a4d5feb2904,235,273
dadd38fc66ec006422bec850c68d72cd403b6f2fa62c9c55704f38d72af15366,reserve,454,454,dadd38fc66ec006422bec850c68d72cd403b6f2fa62c9c55704f38d72af15366,69447f761ce1b12cf3f7f7fb349552f1665b8125091cdfc96c71483aada426eb,41a151d2e40c0ba7c646fd932f18d26d60095ce07517c5a50afdd397b9ccac0f,11547807fdf51f89d6f2ca6c53c50a9322f741639b50c83ccbe7f345f923d755,267,312
98a1e3ca57b900716e013fe040795c825fb2f4cb16316136424b94f919dc0bde,reserve,106,106,98a1e3ca57b900716e013fe040795c825fb2f4cb16316136424b94f919dc0bde,8d68e5184aeca1ae861350bb3f4c2f2d84ecc1598ad4e6ced84c48f88eb740aa,a33b5b7fc58b8956f3dbb225f16bd7b441beb610d5e3818ee4df182ed6ffee62,3d4705f5f1c9ba2fbc8ea503bddef767ddfd28e722d4e518894bffe75fa98a8c,239,278
8dbe02dcd17e6752e82078b1c423b193ac760317b32b6884bcca6c1d39a33b30,reserve,483,483,8dbe02dcd17e6752e82078b1c423b193ac760317b32b6884bcca6c1d39a33b30,23835db2168a97648570883e53930d6a25cfe7baf5474de7950563f3e0ce21b6,6f0e037df6f1bdaf5677a28ea8d24607155907888267f623ab3344dc73d56503,b8594dec8114385570bdea2aa86f098e4451f3ac5687f1888cbb2142eda46510,467,495
8d8ad597352ca5bbf6ef2c3d3d5fc0b68350c7d2420b0d5c8f2afa7a31ae19a2,reserve,164,164,8d8ad597352ca5bbf6ef2c3d3d5fc0b68350c7d2420b0d5c8f2afa7a31ae19a2,431a7e8c2836b9fdc29d9694dd730976ff9fbdd88260b2209b9ca66f4721aad2,153c4249e0bc1380933c94130af0624c21ec6257d3148f5416be1cb135eb85ad,f097a9494340a7bf336c20e8dc48f3ec96d966821012e48d0abb2748a493eacd,606,697
918d2ee1ce17eb594612f6a6b8234fc2d6647ab88394530ec744c295dfa9fa79,reserve,49,49,918d2ee1ce17eb594612f6a6b8234fc2d6647ab88394530ec744c295dfa9fa79,9793d28f237230c6c9386821ecc6186239c6ae7465951d5564e9f8b0c0768998,81009ad148db3edb59f8e356463af68d36a64199381b71b3feb37d692dc34701,eb0608c0fade418b9af95cd4aa5eae1b4d1e13c04f07969188de866d041d0904,415,426
34fbc98a0b678441fc89018fd801ae2f6934e8c52425794563c51664b7defacc,reserve,198,198,34fbc98a0b678441fc89018fd801ae2f6934e8c52425794563c51664b7defacc,0ec139f321ecd7929493181acbbeb3dc5ca804f27e7da10d48b8b003fbe49a95,fb54be2287c77078d73eeed141529175f52a1a60813b531e32b4ce1d049b3942,df861afc14ef17585a6912bc150768062d371b023c773c2e125f89700cd2a34d,509,583
b31699a4621c941092bbddca4c91c0492642fedb987373e4bc847e64ca0a710c,reserve,19,19,b31699a4621c941092bbddca4c91c0492642fedb987373e4bc847e64ca0a710c,3dcc34d22fc968502f77e7754f0b4d62630efe98d9ae6da7368e26d76dc45d36,410f3e95975f1ac9485eccf7e4f45856c767459d88ec1fa35a2555675895762e,d0e7a3d237abad5b719bfc22f1fd11027f7e0b7f2094e4d43a60d5c0af9d0fd3,996,794
c8f63f881ecaa44352c525e0d68e7277978bb4b499ca91e9b1a7872ddcde81e1,reserve,490,490,c8f63f881ecaa44352c525e0d68e7277978bb4b499ca91e9b1a7872ddcde81e1,21d9b1b0b688d63e90e92f3abb9edc023400d8d37eaf3b5474bd89f45dbd420e,9106d1650d274002b6ff9b3e8b472caa41a31e2b1d148c8b04cf82e8ef89672b,86bb717b5283fb18bec52d10f27a6350a025e4c2cdeaeecf8a5587eb161b9ae9,204,257
efd1cca7bb6914a5fe7fe41c63fc6b2d3df4752db40770c97f0beb824d0385ea,reserve,335,335,efd1cca7bb6914a5fe7fe41c63fc6b2d3df4752db40770c97f0beb824d0385ea,7472e8b18e391e898a3422bc6cfaa2abdfb9e2c32f2c90e7ee7e0a190bd6b52a,836eb75152be2a42ba464bb64fd3f29fd5bb0a599e97025e2f1023a4cf0ca307,8d052a248f4ca6659ce6bc1438855c98aa5b320280bfba5341bbf31b9cdd6e36,711,746
8dc5a6f0fa3f98b5ad286d3371d0d1fc85152ce47512e0f99485412836212a12,reserve,119,119,8dc5a6f0fa3f98b5ad286d3371d0d1fc85152ce47512e0f99485412836212a12,eca7da3e5c8307e08da4184929815f6963ff3dc2c70f8b78e8a281015f329164,f8d7065a2257d6ce72382c774ab402e5794df4e04aed84cd7cd0d30b7b35d144,7c34795b26ea203baf5e6ee4379605d56c579203893c26f48675e2354e2b5377,472,518
29db61002d9852d898e644544b8eed2d6cbc0da2ffa73c92649f3609d83e0a92,reserve,204,204,29db61002d9852d898e644544b8eed2d6cbc0da2ffa73c92649f3609d83e0a92,10abfee1028384e2cba7ea05eea2f9ecc33c564d0ebb9b6a3a96800c180879f6,af328f6fb556180ab03113e1521f121fbf3d28ebbffc01899d1a6e14bb2185ac,212a82c902fb6db9a28a5a8b406077bb825b203130b75abdadef1f3430d6f9fc,215,233
6cd3aa1aa8c04afccd87c023d9343360a0c7129f424ff36645ce4e364e39806e,reserve,233,233,6cd3aa1aa8c04afccd87c023d9343360a0c7129f424ff36645ce4e364e39806e,3b458e6c7da94e4d1704db01f3754d663ccd1c10ab9f3b09ee1e8bb4bc7ea329,939e5ec2819f38dc377c68ff58558035d5b16d7a64e543356b285619fe1782b4,990af3dd032ccd5264965988c9b4e5de45e8519c8887160a1acd9315ff4b7a92,410,393
9b2dda1a8353d5a247a021b95577d216fdd61882a3aa6707ba1419894d65707f,reserve,437,437,9b2dda1a8353d5a247a021b95577d216fdd61882a3aa6707ba1419894d65707f,75ae25c4f8a7b198f783b0a95fea4622ca71c911d1db24cb8034d638f27f00ef,fa524ac14cdd6f7ca9ed220786de9fa66d81451c2ad2da8aa8ccc7f1151c476e,b62536d947e86775dd56734bcd6c4618a0a949b80463f32c84d64128b30901b5,346,394
a24487eba71e6973557063a250728b5587e43e8961780ed495658b301887820d,reserve,491,491,a24487eba71e6973557063a250728b5587e43e8961780ed495658b301887820d,c142060c238e44b5fcb33895fa234d716f1cbd2cbb2957ea1d423173bd5aed85,33e7649cbaef1c3f2a23ef3a01f4675df902bcb76565061492b24930583162c5,4e4342737427e948cc0ac095ce6552a1d2b466516466a214edd3122a2337b0ab,648,659
e2d3db9edc7be7255a57a7ff717204e3e7aabcc62ec2474d702fe07e94bbd859,reserve,387,387,e2d3db9edc7be7255a57a7ff717204e3e7aabcc62ec2474d702fe07e94bbd859,e0380a9e9883eb324d5fb4bdf27c0a3fdfe397bfa062c6e75d5b629c86fb3869,35323b4790957a4777c223c7b536acce81658be58043c3d1b3dd7625d7dcd564,e85fea73b90cc52407e0ed0da1c663a80a376149a22e3311eb5dc0ba464c910c,495,506
c2ce4309224a425606b1187d9ce659a26ed78e94f14fccbfb6e7940ca3232ca5,reserve,215,215,c2ce4309224a425606b1187d9ce659a26ed78e94f14fccbfb6e7940ca3232ca5,23a83322a0286cb91344c222613327ef7d718cb48f69bd0761a14afc2f2adea1,de31b772f1c5af56eb9b3f7607b048e3a9d0c7987db26b9b3858a81d1c2c54d2,2b477d3f7757b3382946775b87d6ae2d4214aec5c8e4d754d13e378fda56bfe7,534,549
f85c9546298efe5e8f74b4aeb90bb01b5c2f5594b6e9e746bc844968e9e43d28,reserve,475,475,f85c9546298efe5e8f74b4aeb90bb01b5c2f5594b6e9e746bc844968e9e43d28,27e5196b154571004540635de24284796269e276da225b33bcc0a97596b26cdd,1f5a21097b5346944394c2aaed25e710359b63d3dca1db1c88c928d75796fba7,0f7f855b69455bafed5c42248b6dd615418bdc5e7f08b4751f7543b86e21056f,327,366
175762fcd53ff4f88e444a19d28948f8ca81167c404519834d173811cf2d51bf,reserve,5,2,175762fcd53ff4f88e444a19d28948f8ca81167c404519834d173811cf2d51bf,ea8dd658224746f25623cb9d938fd91ab518643e8592c83c4d021a2f65480690,6b92d74bc3bbc265495548e4e6dfa6934738677a8ee68e25618e7c89f4e35910,d70dcb731f4bce6788badcbc2bbb843384a88b203b26c90c74923980a12e90b5,240,300
3a3f047a0512da39502c9e85e1ad2138ed71716383d2fe2fbdeb0cd7b2c8d6ec,reserve,311,311,3a3f047a0512da39502c9e85e1ad2138ed71716383d2fe2fbdeb0cd7b2c8d6ec,3b5d12e2b396aeef03634c7333a3dd90dec6fe16ed48d997a0ecdb28f6162c1a,f89b7dbe47092c1d57cba1bbef42718fbaa7d37f0c438992b3f6c586fed1bbc2,f9e43af28e2637729a6c5f5a5f772f781487c56898c023ddc9a98f0d72e490dc,673,698
a97119024a9467cbd806456168795388d9288d695dad9d60e9a2dba1a1bb5569,reserve,492,492,a97119024a9467cbd806456168795388d9288d695dad9d60e9a2dba1a1bb5569,5a3d1ce08f549734ea1719e79b203a4378a57503b25a67c7b9f9eb4ac2a7ddfc,eab78184357c95b420f150fc847b573d9ed58a389ed76893ee96138b01e9c4d8,929db80dd94e7d787839c02ed273b2741e73f7f13c4fda775e9994fceeec2c7d,389,420
ad657ad14065e5e3cbf431452cdb3cbfec9398383962c1982254e57ff6464e85,reserve,197,197,ad657ad14065e5e3cbf431452cdb3cbfec9398383962c1982254e57ff6464e85,5db4c06e4cc96b6903759bb9e18623da11079f3a44c8f9be0373bc4a2da22efa,5a2cc857bbc178f948484be710773e1f4db93b3f373553d5c9690d05488d3c4f,9f46272ea53b1b7b494d5e26d8a5d40be009b13cc97c7fd49dd18ffe37322fcb,395,406
e96e38f3f24f85e892ec1962aa99d0f81e0b6112653f9f2ecb90dd189391a4e8,reserve,403,403,e96e38f3f24f85e892ec1962aa99d0f81e0b6112653f9f2ecb90dd189391a4e8,3d1d2d5b4899b20ed4336f033005fa10d586c4f7025150a54724d9aae7f7a1bb,da5cdb2d361fde6b8eeef310c5801269901d74f2534abdcf41a3c215cc357c32,87b7beee71d123cbd7590f9e03f468a1b184cdf3fb024d233be8a02c42ff1a2d,197,244
5bfed473510b38348388dcc1d5f8d4e1feee0d56caccac46c98637efe8cef114,reserve,495,495,5bfed473510b38348388dcc1d5f8d4e1feee0d56caccac46c98637efe8cef114,7a7bd6d0945034de9702f110fbe230ef906dbc07582ac9fa810cd6b00f264833,0db0e7f97dc32f2e5ebcd6c9fbc8cf38308ce711e028074d43c05b2d645f9768,d6b05e11a7eddb62bd297383fd2907c44ad74f458dd123af162458b7ac5ca6b0,1060,890
a3eaa213d935dee376953eb8f832b3d6c4bf62da42c41e8047dc8f6e887c3a6e,reserve,402,402,a3eaa213d935dee376953eb8f832b3d6c4bf62da42c41e8047dc8f6e887c3a6e,5de052d8dd6b7020e69625877798e7eae43dfc3004c727217b132c9fa873c505,cf3dba0dc38ce2ae900b53840f60fb293f772793b5c5eeeb9b868194bcaeb5d3,c511b50fa07379a36da558b8b921929395a8f938ca5ec2bf4e993ffb7f45afbd,287,314
f7084eb9c5ca163e96b8c623aaccb820a1c1ecd53e7b2381c3de5df5b2aed81a,reserve,294,294,f7084eb9c5ca163e96b8c623aaccb820a1c1ecd53e7b2381c3de5df5b2aed81a,6f7979ff1e52528727a27143f98aef37a151a25daf3917d269bf5ea5e6358a7a,4ee8549aea9f431db0962d2e9432f406acba5737cfb433035c54654374bd8ff5,9a79716ca93fb2b0c0993c52191dbdc1cc1a216917947bca11fe8f520a8974df,320,346
8c3dc37bea331984b7394d4ed840b76e1619f94dd333577dde63daa2fe9f167f,reserve,258,258,8c3dc37bea331984b7394d4ed840b76e1619f94dd333577dde63daa2fe9f167f,2ef0265086af2d51877c3627e6efcbbe3fbcd8a4d63f21fb1b09b9c877912117,b481244c6ab89c84ae6ee5d633f1386b33e1ce700f0a49398d0e69add89ae7b8,017a9afce11972d65a3164ee774479ef58cbb3ff53890c8f5a434f3fd2d33564,323,383
467b2a10fa0630916e199b450800c7d560c2ca4d76d4b4eba891496808457a76,reserve,229,229,467b2a10fa0630916e199b450800c7d560c2ca4d76d4b4eba891496808457a76,1efd0faa6ab696ae389dd8fdb954b2766e83b8fca52492ed301a0d3ca748e835,83627888e6cca25545bee9912733b1948c0551753a8e600b3f3e40d8f3b33501,99f0cf921352ad69f5807f735d839a7404ced68f0931651d82c50da6d8a567c3,345,390
3db86bc238ba65f4b02cd419b2ecb94de4ef477d1bb912bbeb1663cce28c88c7,reserve,278,278,3db86bc238ba65f4b02cd419b2ecb94de4ef477d1bb912bbeb1663cce28c88c7,1051982a8018912c7eb353983ce9d39aabd23c94bbe54814e406e9a941faaa8b,dab60243734c6041f114ad22d1221e9f7c2180cf2929fc7e6fdab08a8566ba1e,8e2731175c37c27a3d4a3c3ef8c5cad40dbe4b7bea60fed2f6b0dfd7cdf23235,404,413
3364f45cdc9ef993777a497d421815602e5b10b797f0f418393fc462b3364363,reserve,44,44,3364f45cdc9ef993777a497d421815602e5b10b797f0f418393fc462b3364363,eaa22bc328e3b5dd16e7891345e60c2dc24d8f963efe73b6e9ca9ad82fda363a,8aebc111cf01ab78ab19e7548ea82fecb508d1899aec94702e501ca0a736f9d6,4de41f178ded4b1585f4f7838aaaa81181ca3ed16fd490fc97f168f20ee32305,439,430
6c8c221d9dd56a40b34909e4a760669560e1ede8a9f8eeabd765d6dcde20d34d,reserve,487,487,6c8c221d9dd56a40b34909e4a760669560e1ede8a9f8eeabd765d6dcde20d34d,9af951b434a3c73e9d1d12752b8a51e101a984c5d063d3dbafeb98d4aed2d2c3,ddf2d34878e6cff1f03305cbbe872368146302fa004c4746723b02fe6874bbb6,430126b9af1c8de8a7df2bd49b5f9e11265fd1a13dd84d40cb39777277edc05e,227,265
46236eade1945cfadfcaf7c6086957368ec93b4e99944c128ef98009c333c7f3,reserve,218,218,46236eade1945cfadfcaf7c6086957368ec93b4e99944c128ef98009c333c7f3,442b8274360a153bafe9904579c05443e0f79c7ee4b501337631d42cd9949f50,49235668835531323a5ea0ada846d47ac0a083b59b823717066d3adf6f71637f,0f36573971d77cba9e3b524e64d2ae4dfae57d42b32783319ed72cf21e8c2b6a,301,331
49ac07467688a7159cee0eb743756b9c0212cf1b270d170b38d70c6a250d279c,reserve,499,499,49ac07467688a7159cee0eb743756b9c0212cf1b270d170b38d70c6a250d279c,3e85199572dfede843fc3ccb16003cd3c8ef52d3d1c3abcc8d5e2ad56fe5276b,eedd27653387d855614ecf24cfda83aa732d40f80939edb9b19fc8a219510d1d,d7853f2b315e93de85e63495a0bc89281114bdb981051a6416c2a04703b345ef,183,228
321cc5ebce2791ad7b324f27b9361de4f765f20836de7152eb89f039d0811e18,reserve,51,51,321cc5ebce2791ad7b324f27b9361de4f765f20836de7152eb89f039d0811e18,b9ff0c6f5c9f8c50ac2f353984866dbc1ef10641962d14baa0d4133e0796d26e,fdf91c70c1105dd992e4f784c2423520591c74985e81d982ef12954fb1f5defc,4d27a833c038192474f24eea98218c86d21be2cd682572faa0c9960a8382b84f,687,725
d90c0e7cd979bf434e7389bbee42bd97d9d0a5ef67c01beb4e692adb1ca32c32,reserve,3,1,d90c0e7cd979bf434e7389bbee42bd97d9d0a5ef67c01beb4e692adb1ca32c32,817791f0bd21f489d0286dbd442ebc46c097bd73bf4a37a924622dea83b95608,80d9bc9e70f7bd92abde6a1e2ed0582a088d3dfa065ccac3c2d7dca3b768561c,f323cd7ddb37ef6e38b421eb550bc2fdedc8858c81abda1f38932a33c07be5f4,376,423
bb443010655069ce5f3021021eef5754bcd66f2af934730b79ac4fed756effe3,reserve,6,4,bb443010655069ce5f3021021eef5754bcd66f2af934730b79ac4fed756effe3,2d6eaedb25a120df775cbf218e4ee7326c9624fcb2e713eb722cadeb9f68d5a1,32d01aa6aff0db66e5b327a93f2f21872622e56da05127a5bfe0a7dbcbcf1d72,af1fd04e57f20918031ba877f8925ffece1b915cd3e7879fc0b3f86ab4536785,438,477
d8753a92c35bf1f74be8f6868bfc67b3245e4e02caaa565162a96348f6c9ea2f,reserve,61,61,d8753a92c35bf1f74be8f6868bfc67b3245e4e02caaa565162a96348f6c9ea2f,03a48baaa0cc863d5208785091ec54afa94701fa0a5331b666f60293150d273a,28cb0a40bdcef44fc08607b6b38e9b36ebf01200d741001f1ccd4bd0b182f8e2,da406307102621e5257a672e917399f124df8d3f4ff62c589fe3d19fc0286596,263,321
1ad79a8c334496b8e618ebd721bd8e06707613142f81188871da6f3d75e0dcee,reserve,46,46,1ad79a8c334496b8e618ebd721bd8e06707613142f81188871da6f3d75e0dcee,847dcce0005eeb2ad6c6f359e2f12a98bb5ae3a32e419dd8ee01b493b40dc1d5,46860b5a72a29a42505ca1f79e82dad9b6481eac75cce2f7500db5dbb10d8e25,a4ed0cab08df4235af39d2fdf856fa0d874caf2f475bdeecb62769aabe164fc3,203,230
1202d13057a67a628efadba8ea0f98a904ed67e32e8fa9da1a40a2041326d886,reserve,190,190,1202d13057a67a628efadba8ea0f98a904ed67e32e8fa9da1a40a2041326d886,242f5ad4bce4cd208e52bcd386775111a46e0ec8d402fb8fed17cb366bc8c90e,85bddcf03daddd6b8900f6f8989b8fb4c22b5a2c3dbea7ea1d221110eb508659,9146cd45f1c64086e3e0fe2a107f5a48cf9e122e3457799db89a425600c7af3d,831,801
27879461b73ecf27508ed8203c4934f3b119eb9c92ad7c1bdf2314f2ae78b98e,reserve,370,370,27879461b73ecf27508ed8203c4934f3b119eb9c92ad7c1bdf2314f2ae78b98e,7c5d2d0115a568658ae542c42841317370f104b69c99041a74d54df40c7bc4f8,1ab2ff1e4b8bbe81c9d974c554f88594b7565595726b446708fe9970043b450c,28647a21e98ccf692fc92be377cb9d4da390ff8dafccf7b52fdc7b07e442afbe,486,529
aa98d908ae7b45d451449d0d3f520e33c357dcf5003063dbe4f9bb207c9d77cd,reserve,472,472,aa98d908ae7b45d451449d0d3f520e33c357dcf5003063dbe4f9bb207c9d77cd,1fd3b83644cfaedd3e82963922b1a22acfe4d80d2a109a122ee8f13e646c7725,231937a0e94ef048d8c9575beceabbac6d5621bb3a0f2cb3c0adf47f14868147,7ea6ce125bfbfe5022655a3f76da836a452f0770d3d5a37b3a586a9e01d367e8,445,412
c7354e1072c2da33aa86a87277466c2d789f8f34d86cab25c653a0f02ee0e261,reserve,94,94,c7354e1072c2da33aa86a87277466c2d789f8f34d86cab25c653a0f02ee0e261,83db47a7fe291ece25c51b8d0d9faf683b72bbcdc11b3a81aa479250614227fa,213be60db230e4fa680850ed61e65361e81e3d8a90c9fcffa752c2dda5535d32,86f6697233b765e916a5eb1cc0465d61f8b927072737ddb8246be8b65d8bf630,353,383
9c84a716e608b6c6b48135fa2952d924ec4219d949b504d5335ad60f1263cbe5,reserve,118,118,9c84a716e608b6c6b48135fa2952d924ec4219d949b504d5335ad60f1263cbe5,8dbb35d0c536ede91af9620ff6cba5a16767f55cad7f799da7c9cd9d4284d442,ae0010e9ca616170271403c3922bfd9c22199c10c566dba615dc3269f2859fd5,c9440e42e58424760c083f9b959bd609348cd4755db65af14ac9b1cb2c4d8b55,540,564
388226c5f9ff7f236eae39e8e100e8b70c33796f2aaa2dc7252673c0577243f5,reserve,165,165,388226c5f9ff7f236eae39e8e100e8b70c33796f2aaa2dc7252673c0577243f5,14bc7597593b0bc4f2724d2308e1d444d384b1fd7fb7f636b8dcce1fb4a9fc4d,1986171f6ce78c41e40451236a81f7257c5aa91133e980744ae49ae87f40dfa8,7cbf397d3b4a0642ca349d830c26f5a459717a8598df99943f112756c045e8e3,192,217
0a6874558eb9488763e073e71cc3f59b8445e574eed92add0e8bd17652f04c2f,reserve,493,493,0a6874558eb9488763e073e71cc3f59b8445e574eed92add0e8bd17652f04c2f,8ca73a7d572c31fdecd910a070c56740b416c4a91106b0ab4e140b55f6db1a97,2a348bd0e3786263e8258af5732d4725fb046a3f531feb59848a4f72fb5177f6,3e193fbe87e95ac0ec19b35edd34c0ce96a3b1126a183c39d6c84f911308a0c2,259,271
6fab65752495f99d645f4ea81241d78437f38b96dc81ac5734e9b8508b0cb39b,reserve,59,59,6fab65752495f99d645f4ea81241d78437f38b96dc81ac5734e9b8508b0cb39b,adc844ae7b5014354cefb33f3d47511ca3e2253deb13a8f61d3a7c54dbe85b60,4ed74ad8e55f5a1f2baa452a8f965c73363e8fbc731b9cbcdf81ca3cdda71b6a,c9cb0ca07fbe4b212f827f0ebe70d45b6ec04d431d3a6e4d99296be2bd8e9b02,527,525
3bf9362504c37a6eb7f52d5a2abdee46d4d6e4562981784101d84b952c74389e,reserve,73,73,3bf9362504c37a6eb7f52d5a2abdee46d4d6e4562981784101d84b952c74389e,2180a9aefb76c5ed1e46a9f198b8008d228fabdb0d94ef9053bc67e71b5f635f,ac1c0211722f5ed3274c097ff65820ef0d2832c964be5ce01a43a311fe8ecd08,a56151f1c82f1d4afd71a3ee42386df36d995f5423b4edabfa526ca67cac48b9,211,249
f9cc4eb5e8b40e3f36ee6fd5aee8779fda4ff5f619af6f8577d1a40c64c727d0,reserve,216,216,f9cc4eb5e8b40e3f36ee6fd5aee8779fda4ff5f619af6f8577d1a40c64c727d0,7f281da0a31670607b09b1c82efbb94633ebf8437de2648974eeac1e270fcd7b,c149a1fc7e6f18f44cb64fdb74e347a636bd3a15b9523fbdb0a2a1f8f0fea869,3b9649ae0b1ae43ec0a7d3ded201741ef5bce52358bb8c6ac73b2138bf1c7885,361,443
f804203914064552cc044ab7b29ee46e5734f1b3585afd68042c7caf85445aff,reserve,237,237,f804203914064552cc044ab7b29ee46e5734f1b3585afd68042c7caf85445aff,c45f283122fbfbfcb86f26f6ca10084db9c70e6925509ea1ed7bb04b2e51e3a9,648aaf35fd1318c7b639e36ec6cded5138b04b4818aba0e90af8b460cc8d4440,1ffc545b909c5ff902a2966347fa8b58d604cc14f6247bab75dae004f0fd5a2e,200,231
11b978482033f7dc653d052fa675ac99afbf967d0fcf64d9d41d686158ebcd51,reserve,48,48,11b978482033f7dc653d052fa675ac99afbf967d0fcf64d9d41d686158ebcd51,da88ef58f67c8342c7f4b7e462ab8af34b154f921966118e370550bd4e488693,279860026e4ce9345e57f8aad20e11cb80f400c3b92e42de44fe46e999624797,2a479709697411c57060e5366e3334f5d7c7cfa6530a482720268d7553fda970,143,180
68263e244d921fc7f60c6d547498b59dc5835e4e53a310b4ebb5ddc1f921e790,reserve,477,477,68263e244d921fc7f60c6d547498b59dc5835e4e53a310b4ebb5ddc1f921e790,9a83f3aea0a8c34774e5e5e3cfe8e70bbfb87a09b12eda127b7c500574370db6,efb84fb3a30721b702cbf6381b730344462472b2cda1fdba265569146669abe0,1f40cefd5f1a573f871c44bcd9c4e4aa84f2b18a39d7c82fe7c36ddcc1354d25,180,206
98f437e91c896011474c4700fb65467bfd7f9e9f9c96e220c87acaa104cfa9d4,reserve,308,308,98f437e91c896011474c4700fb65467bfd7f9e9f9c96e220c87acaa104cfa9d4,b830a7f75ad92386e79796f144c009823b249ea91e75458bad74986383fd586c,31faf1be4708ee78283ca531327743e294c5ec94f86bb11901666659460e283b,42ee48165be2b835c4d5442f022cb4f6bd6cf061f5e3f552777c6f469c3db7c1,690,662
33a8bc8e7429faf2699f88b9894cfd884addef0a2612e052119144cb89bc4cea,reserve,67,67,33a8bc8e7429faf2699f88b9894cfd884addef0a2612e052119144cb89bc4cea,1e109d213128563b071ace474be5663c39bc21d06b6576eee0155b8bdd50316f,d2c97b67b0c0695a4b3b390ff0866cd23498deec5e9aa26165624fef1fdb8da5,01f257f554b988c93d80cec15315d524b35514fcbf2bc8ae49ef2d2982e535fd,240,248
